Series Name,Series Code,Country Name,Country Code,1990 [YR1990],2000 [YR2000],2011 [YR2011],2012 [YR2012],2013 [YR2013],2014 [YR2014],2015 [YR2015],2016 [YR2016],2017 [YR2017],2018 [YR2018],2019 [YR2019],2020 [YR2020]
GDP (current US$),NY.GDP.MKTP.CD,Afghanistan,AFG,..,..,17805113118.8938,19907317065.6666,20146404996.223,20497126770.1335,19134211763.859,18116562464.9088,18753469630.2586,18053228578.8878,18799450742.7823,20116137325.8206
GDP (current US$),NY.GDP.MKTP.CD,Albania,ALB,2028553750,3480355258.04122,12890764531.3284,12319830437.3467,12776220507.0162,13228147516.1168,11386850129.8411,11861199830.8396,13019689336.6919,15156432309.8977,15400242874.8812,14887629268.2927
GDP (current US$),NY.GDP.MKTP.CD,Algeria,DZA,62048562947.2509,54790392746.1939,200013052199.2,209058991952.125,209755003250.664,213810024944.464,165979279263.174,160034163871.455,170097014589.134,174910878623.049,171767403748.19,145009181490.62
GDP (current US$),NY.GDP.MKTP.CD,American Samoa,ASM,..,..,570000000,640000000,638000000,643000000,673000000,671000000,612000000,639000000,648000000,709000000
GDP (current US$),NY.GDP.MKTP.CD,Andorra,AND,1029048481.88051,1429049198.45218,3629203786.19154,3188808942.56713,3193704343.20627,3271808157.30038,2789870187.50693,2896679211.86628,3000180750.11297,3218316013.22626,3155065487.51819,..
GDP (current US$),NY.GDP.MKTP.CD,Angola,AGO,11236275842.7358,9129634978.33773,111789686464.441,128052853643.106,136709862831.194,145712200312.505,116193649124.151,101123851090.455,122123822333.59,101353230784.594,89417190341.2533,58375976292.9678
GDP (current US$),NY.GDP.MKTP.CD,Antigua and Barbuda,ATG,459470370.37037,826370370.37037,1137637037.03704,1199948148.14815,1181448148.14815,1249733333.33333,1336692592.59259,1436585185.18519,1467977777.77778,1605944444.44444,1687533333.33333,1370281481.48148
GDP (current US$),NY.GDP.MKTP.CD,Argentina,ARG,141352368714.691,284203750000,530163281574.658,545982375701.128,552025140252.246,526319673731.638,594749285413.212,557531376217.967,643628665302.155,524819742918.669,451932356085.842,389288056265.325
GDP (current US$),NY.GDP.MKTP.CD,Armenia,ARM,2256838857.60997,1911563668.85006,10142111334.4961,10619320048.5857,11121465767.4067,11609512939.7542,10553337672.9872,10546135160.031,11527458565.7334,12457941907.0333,13619291361.2814,12641209802.112
GDP (current US$),NY.GDP.MKTP.CD,Aruba,ABW,764887117.194486,1873452513.96648,2549720670.39106,2534636871.50838,2727849720.67039,2790849162.01117,2962905027.93296,2983636871.50838,3092430167.59777,3202188606.92893,..,..
GDP (current US$),NY.GDP.MKTP.CD,Australia,AUS,311326664101.578,415576210513.094,1397907916789.9,1546508558465.66,1576335282651.07,1467504819608.92,1350534154255.76,1206685107002.47,1326882872011.46,1428529571351.06,1391952510370.48,1327836171068.51
GDP (current US$),NY.GDP.MKTP.CD,Austria,AUT,166463386179.354,196799778883.361,431120310088.82,409425234155.263,430068712971.867,441996131736.508,381817565893.574,395568644341.038,416230497429.163,454945881027.378,445011872704.47,433258467676.515
GDP (current US$),NY.GDP.MKTP.CD,Azerbaijan,AZE,..,5272798390.70183,65951627200.2026,69683935845.2139,74164435946.4627,75244294275.1498,53074370486.0433,37867518957.1975,40865558912.3867,47112941176.4706,48174235294.1176,42607176470.5882
GDP (current US$),NY.GDP.MKTP.CD,"Bahamas, The",BHS,3166000000,8076470000,10070450000,10720500000,10494600000,11142900000,11890600000,11992600000,12359700000,12837800000,13164400000,9907500000
GDP (current US$),NY.GDP.MKTP.CD,Bahrain,BHR,4229787234.04255,9062898936.17021,28776595744.6809,30749308510.6383,32539468085.1064,33387712765.9574,31050638297.8723,32234973404.2553,35473776595.7447,37801462765.9574,38652579787.234,34729228723.4043
GDP (current US$),NY.GDP.MKTP.CD,Bangladesh,BGD,31598341233.559,53369787318.6245,128637938711.386,133355749482.478,149990451022.29,172885454931.453,195078678697.23,221415188000.475,249710922462.309,274038973437.275,302571320445.75,323056957972.312
GDP (current US$),NY.GDP.MKTP.CD,Barbados,BRB,2012131457.26644,3059500000,4657500000,4610000000,4677000000,4696500000,4715000000,4830000000,4978000000,5086500000,5209000000,4418000000
GDP (current US$),NY.GDP.MKTP.CD,Belarus,BLR,21650000000,12738912133.8912,61757788944.7236,65685102554.8759,75527984234.2342,78813839984.3506,56454734396.5842,47722657820.6675,54726595249.1849,60031262269.3365,64409647193.8044,60258239055.5829
GDP (current US$),NY.GDP.MKTP.CD,Belgium,BEL,205331747947.851,236204532891.1,522645519183.591,496181260258.3,521642714407.843,534678075827.361,462149679343.822,475739588764.759,501522868356.441,543008499294.079,535288715239.999,521861292586.616
GDP (current US$),NY.GDP.MKTP.CD,Belize,BLZ,412086445.492176,832072450,1460797903.23406,1522897506.07849,1579411253.00514,1667335060.96064,1721700991.46912,1789304087.78561,1858529676.71857,1915899786.96407,1982518540.6134,1636280797.08056
GDP (current US$),NY.GDP.MKTP.CD,Benin,BEN,1959965243.76269,3519991326.48464,10693321953.6355,11141358945.1349,12517845732.2095,13284528654.0574,11388160958.249,11821066152.5979,12701654743.2149,14262407011.5254,14391686632.7821,15651545331.5404
GDP (current US$),NY.GDP.MKTP.CD,Bermuda,BMU,1592400000,3480219000,6312691000,6378188000,6465756000,6413988000,6654541000,6899911000,7142316000,7224329000,7484113000,6842700000
GDP (current US$),NY.GDP.MKTP.CD,Bhutan,BTN,287658184.003989,424464089.897641,1777101316.67756,1781281281.57912,1756215665.09323,1907090813.45906,2003598212.99135,2158972129.00307,2450364928.07302,2446866404.93058,2535657068.96575,2315437338.08809
GDP (current US$),NY.GDP.MKTP.CD,Bolivia,BOL,4867582620.20708,8397912509.09679,23963033430.5954,27084497482.8616,30659338880.3786,32996188012.6821,33000198248.3362,33941126200.0606,37508642165.3366,40287647930.4761,40895322843.7851,36572764862.8234
GDP (current US$),NY.GDP.MKTP.CD,Bosnia and Herzegovina,BIH,..,5567405599.31206,18644723853.5807,17221192466.1918,18172335776.3301,18560861388.6402,16219819017.3607,16914287348.9819,18079075770.6713,20177409351.4329,20201323260.0733,19946496562.9733
GDP (current US$),NY.GDP.MKTP.CD,Botswana,BWA,3790567051.86778,5788329609.15755,15351972361.1477,14380004175.1194,14901750991.2012,15654660710.108,13578754072.4652,15082578064.8002,16088437675.1648,16914245098.0392,16593720655.6402,15061922801.6271
GDP (current US$),NY.GDP.MKTP.CD,Brazil,BRA,390725626002.866,655448188259.351,2616156606666.62,2465228293894.01,2472819362216.69,2456043766028.73,1802211999538.68,1795693265810.23,2063514688761.98,1916933708381.89,1877824273720.78,1444733258971.65
GDP (current US$),NY.GDP.MKTP.CD,British Virgin Islands,VGB,..,..,..,..,..,..,..,..,..,..,..,..
GDP (current US$),NY.GDP.MKTP.CD,Brunei Darussalam,BRN,3520551724.13793,6001153306.2645,18525319977.7407,19047940300.8963,18093829923.2737,17098342541.4365,12930394937.8137,11400854267.7188,12128104859.1498,13567351175.0315,13469422958.5105,12005825769.5087
GDP (current US$),NY.GDP.MKTP.CD,Bulgaria,BGR,20632090909.0909,13245833843.5454,57678241023.818,54300857424.4415,55810138436.4821,57082011260.3446,50781996712.7635,53953897624.4344,59199447421.4924,66363422450.2112,68915416141.9576,69889347433.4324
GDP (current US$),NY.GDP.MKTP.CD,Burkina Faso,BFA,3101300641.87512,2968369991.46729,12080296644.0643,12561016091.4673,13444301139.1384,13943016923.9017,11832159275.603,12833363370.174,14106956830.0857,15890065019.7634,16178162030.0694,17933606353.1775
GDP (current US$),NY.GDP.MKTP.CD,Burundi,BDI,1132101252.51817,870486065.883137,2235820867.82743,2333308099.46249,2451625332.74584,2705783272.07443,3104394858.11518,2732808556.84172,2748180473.71333,2668495742.88443,2631434363.22693,2841786382.19063
GDP (current US$),NY.GDP.MKTP.CD,Cabo Verde,CPV,306891107.262039,539227277.626411,1865915544.12445,1741809808.96442,1850470042.43281,1859898513.26858,1596800287.16405,1662998677.88425,1768319144.00218,1966503222.76759,1981845740.70615,1703698676.69742
GDP (current US$),NY.GDP.MKTP.CD,Cambodia,KHM,..,3654031716.26881,12829541141.0127,14054443213.4639,15227991395.2201,16702610842.4025,18049954289.4229,20016747754.0192,22177200511.5811,24571753583.4922,27089389786.979,25808561550.9514
GDP (current US$),NY.GDP.MKTP.CD,Cameroon,CMR,12314482085.0878,10566578952.7857,30630912184.7789,30155064574.0734,33728622819.0912,36386546917.6861,32210232911.6626,33814337900.2831,36098550141.5897,39973839064.6084,39670977332.7348,40804449726.0184
GDP (current US$),NY.GDP.MKTP.CD,Canada,CAN,593929550908.468,744773415931.587,1793326630174.52,1828366481521.6,1846597421834.98,1805749878439.94,1556508816217.14,1527994741907.43,1649265644244.09,1725329192783.02,1742015045482.31,1645423407568.36
GDP (current US$),NY.GDP.MKTP.CD,Cayman Islands,CYM,..,..,4186223808.95236,4291159006.36025,4405954638.18553,4563017880.71523,4708336733.46934,4909498979.9592,5166467298.69195,5522625585.0234,5935769350.77403,5591623664.9466
GDP (current US$),NY.GDP.MKTP.CD,Central African Republic,CAF,1440711395.67069,914500299.097034,2437982839.63072,2510126699.05356,1691544192.38242,1894813504.52945,1695825708.45604,1825018190.85071,2072349794.23301,2220978978.17342,2220307368.69593,2380087758.04137
GDP (current US$),NY.GDP.MKTP.CD,Chad,TCD,1738605558.05432,1388506726.62093,12172309522.6171,12367363677.6199,12953535495.8781,13940768065.6063,10950392219.9104,10097778353.7651,10000395242.1457,11239167048.4916,11314951342.7807,10829076801.729
GDP (current US$),NY.GDP.MKTP.CD,Channel Islands,CHI,..,6439703434.71024,..,..,..,..,..,..,..,..,..,..
GDP (current US$),NY.GDP.MKTP.CD,Chile,CHL,33113887817.9731,77860932151.9302,252251992029.518,267122320056.772,278384332694.3,260541637327.855,243919079437.422,250440149690.846,277034675515.684,297571693064.193,279385487344.492,252940023046.007
GDP (current US$),NY.GDP.MKTP.CD,China,CHN,360857912565.966,1211346869600.41,7551500124197.17,8532229986993.65,9570406235659.64,10475682920597.7,11061553079871.5,11233276536744.7,12310409370894.2,13894817549380.3,14279937467431,14722730697890.1
GDP (current US$),NY.GDP.MKTP.CD,Colombia,COL,47844090709.9908,99886577330.7271,334943871931.746,370921320483.842,382116126448.555,381112119657.446,293481748240.779,282825009887.458,311883730690.129,334198214706.209,323429888934.257,271437596293.843
GDP (current US$),NY.GDP.MKTP.CD,Comoros,COM,429622147.743446,351136568.441921,1023086183.79822,1015843368.79008,1116224161.07781,1149587651.69395,966029542.038859,1012835518.26037,1077439662.5798,1188797574.94753,1192559739.37288,1235400352.2931
GDP (current US$),NY.GDP.MKTP.CD,"Congo, Dem. Rep.",COD,9349764580.36998,19088046305.7971,25839749198.8233,29306235826.3885,32679745297.6453,35909040265.9328,37917704900.0794,37134799974.5225,38019265625.8845,47146004586.6824,50400747050.496,48716960860.0664
GDP (current US$),NY.GDP.MKTP.CD,"Congo, Rep.",COG,2798746050.58228,3227927593.04316,15634897272.7645,17693924573.2499,17953617927.2376,17889079957.8792,11885478502.1168,10215989995.0073,11090177747.1315,13670036995.9959,12750339022.9512,10187122341.4051
GDP (current US$),NY.GDP.MKTP.CD,Costa Rica,CRI,5711687786.75989,15013629658.5671,42762617081.6142,47231651862.8224,50949672205.8222,52016408950.8398,56441917653.0156,58847016044.8244,60516043590.1924,62420165099.7301,64072870931.603,61846895120.7808
GDP (current US$),NY.GDP.MKTP.CD,Cote d'Ivoire,CIV,10795850106.9547,16577533355.3742,36693712824.7812,36302305578.306,42760237561.3995,48843008580.3616,45814637971.4745,47964234560.0514,51588158717.5348,58011466450.8643,58539424929.7248,61348579465.1017
GDP (current US$),NY.GDP.MKTP.CD,Croatia,HRV,..,21839780971.0268,63169910822.1285,57192346923.335,58889082315.336,58330289756.6914,50163192883.1515,52295158344.2544,56214427431.2,62247874948.8225,62246206340.5469,57203783203.0259
GDP (current US$),NY.GDP.MKTP.CD,Cuba,CUB,28645436569.1489,30565400000,68990000000,73141000000,77148000000,80656000000,87133000000,91370000000,96851000000,100050000000,103428000000,107352000000
GDP (current US$),NY.GDP.MKTP.CD,Curacao,CUW,..,..,3038699608.93855,3131096089.38547,3147616201.11732,3158406033.51955,3151910782.1229,3122287932.96089,3116610111.73184,3127908044.69274,3101787709.49721,2595821708.81313
GDP (current US$),NY.GDP.MKTP.CD,Cyprus,CYP,5591130217.66965,9985844486.33365,27565469097.9955,24978513426.6992,23900872625.8467,23156850006.6427,19842404304.8929,20953442550.3653,22870833709.8961,25522671232.8767,25758357774.5438,24612646487.7213
GDP (current US$),NY.GDP.MKTP.CD,Czech Republic,CZE,40728950704.6176,61828166496.0941,229562733398.948,208857719320.649,211685616592.931,209358834156.329,188033050459.881,196272068576.338,218628940951.675,248950103352.137,252498032247.163,245339322066.759
GDP (current US$),NY.GDP.MKTP.CD,Denmark,DNK,138247285815.855,164158739097.623,344003137611.271,327148943812.137,343584391647.927,352993631617.708,302673070846.857,313115929314.339,332121063806.391,356841216410.068,347561349210.979,356084867685.639
GDP (current US$),NY.GDP.MKTP.CD,Djibouti,DJI,452328087.282876,551230861.856505,1239144501.77525,1353632941.5207,2042817162.85639,2214679081.25658,2430274292.2896,2603540256.91955,2751445573.68009,3012803457.10411,3324615549.09099,3384385216.71609
GDP (current US$),NY.GDP.MKTP.CD,Dominica,DMA,201429629.62963,333470370.37037,501025925.925926,485996296.296296,498296296.296296,520207407.407407,540737037.037037,576229629.62963,519837037.037037,550622222.222222,611537037.037037,504214814.814815
GDP (current US$),NY.GDP.MKTP.CD,Dominican Republic,DOM,7073675544.80847,24305717541.6371,58029750745.6495,60681537195.7996,62682163837.347,67179914026.9623,71164825256.6849,75704720189.5607,79997975621.8654,85555378042.8196,88941299733.5018,78844702329.0785
GDP (current US$),NY.GDP.MKTP.CD,Ecuador,ECU,15239278100.3502,18327764882.4412,79276664000,87924544000,95129659000,101726331000,99290381000,99937696000,104295862000,107562008000,108108009000,98808010000
GDP (current US$),NY.GDP.MKTP.CD,"Egypt, Arab Rep.",EGY,42978914311.3504,99838543960.0763,235989672977.625,279116666666.667,288434108527.132,305595408895.265,329366576819.407,332441717791.411,235733695652.174,249712999437.254,303080865603.645,365252651278.852
GDP (current US$),NY.GDP.MKTP.CD,El Salvador,SLV,4817542204.02673,11784927700,20283780000,21386150000,21990960000,22593470000,23438240000,24191430000,24979190000,26020850000,26896660000,24638720000
GDP (current US$),NY.GDP.MKTP.CD,Equatorial Guinea,GNQ,112119406.548331,1045998496.43872,21357343681.8966,22388344123.9916,21948834290.3538,21765453087.4795,13185496881.4055,11240808846.6928,12200913887.6419,13097012189.3995,11417278044.9859,10021856754.4944
GDP (current US$),NY.GDP.MKTP.CD,Eritrea,ERI,..,706370815.584416,2065001626.01626,..,..,..,..,..,..,..,..,..
GDP (current US$),NY.GDP.MKTP.CD,Estonia,EST,..,5686579747.53524,23183616045.5168,23020466784.6112,25108615091.9884,26598657880.5486,22881558191.8523,24056487770.898,26857880621.935,30474612057.4484,31045591753.4901,30650285471.7215
GDP (current US$),NY.GDP.MKTP.CD,Eswatini,SWZ,1114703088.1614,1738100853.05052,4820499924.2539,4886533032.88672,4597532029.70451,4422968339.67584,4063245671.29285,3816022046.82656,4402969225.92165,4665420238.51784,4495679480.96886,3972728948.47088
GDP (current US$),NY.GDP.MKTP.CD,Ethiopia,ETH,12175166763.285,8242392103.68061,31952763089.33,43310721414.0829,47648211133.2183,55612228233.5179,64589334978.8013,74296618481.0882,81770791970.982,84269348327.3454,95912590628.1412,107645054311.876
GDP (current US$),NY.GDP.MKTP.CD,Faroe Islands,FRO,..,1058702725.4395,2490807830.57351,2366301251.61847,2627049837.08135,2850743875.2784,2518096285.61661,2738832687.13698,2899226097.62377,3051341335.9516,3126293219.77989,..
GDP (current US$),NY.GDP.MKTP.CD,Fiji,FJI,1337024782.22702,1678239218.26553,3774530615.65916,3972012570.53467,4190143206.25611,4856963229.83999,4682546863.08162,4930204229.72263,5353404422.08138,5581371847.61641,5496264766.37285,4533883782.27458
GDP (current US$),NY.GDP.MKTP.CD,Finland,FIN,141438345513.917,125706651925.557,275243697751.011,258304834621.605,271285280621.373,274497230802.958,234440080998.273,240607907010.383,255016517537.983,275580448365.235,268508200125.49,269594831987.549
GDP (current US$),NY.GDP.MKTP.CD,France,FRA,1269179616913.63,1362248940482.77,2861408170264.6,2683825225092.63,2811077725703.59,2852165760630.27,2438207896251.84,2471285607081.72,2588740901639.81,2789593979064.58,2728870246705.88,2630317731455.26
GDP (current US$),NY.GDP.MKTP.CD,French Polynesia,PYF,3181206304.81514,3447543203.02843,..,..,..,..,..,..,..,..,..,..
GDP (current US$),NY.GDP.MKTP.CD,Gabon,GAB,5952293765.84468,5080483463.99928,18210308748.2912,17170465294.0332,17595745653.3676,18203968001.8908,14383107714.0388,14023890620.3384,14929488770.7315,16867325126.5423,16874405839.7948,15316826191.5682
GDP (current US$),NY.GDP.MKTP.CD,"Gambia, The",GMB,317083373.524559,782915402.421095,1409694553.90934,1415006238.09509,1375608956.10386,1229460601.92174,1378176868.31568,1484579844.37143,1504909753.28746,1670670668.5939,1812529104.61923,1868086274.822
GDP (current US$),NY.GDP.MKTP.CD,Georgia,GEO,7753540783.62452,3057475335.18846,15107441446.7833,16488403076.3641,17189551520.9811,17627003454.7205,14953950557.4406,15141758566.7808,16242916915.7203,17599700090.762,17477255562.2583,15846489610.8073
GDP (current US$),NY.GDP.MKTP.CD,Germany,DEU,1771671206875.68,1943145384190.16,3744408602683.94,3527344944139.83,3732743446218.92,3883920155292.26,3356235704119.75,3467498002104.33,3681732583768.5,3975347237442.99,3888326788627.44,3846413928653.71
GDP (current US$),NY.GDP.MKTP.CD,Ghana,GHA,5889174825.487,4983024408.14828,39337314809.9434,41270954737.2459,62823043706.4702,54782847752.5375,49406568432.6711,56165172898.8695,60406382898.5174,67299280679.563,68337537815.7703,68532281805.6722
GDP (current US$),NY.GDP.MKTP.CD,Gibraltar,GIB,..,..,..,..,..,..,..,..,..,..,..,..
GDP (current US$),NY.GDP.MKTP.CD,Greece,GRC,97891092003.4394,130133845586.88,282625610892.477,242043151399.458,238839788899.338,235144949470.797,195604846736.019,193017030649.7,199350781053.185,211945897765.431,205144152830.847,188835201625.91
GDP (current US$),NY.GDP.MKTP.CD,Greenland,GRL,1018970364.86443,1068030829.75591,2684467375.71479,2609667673.71601,2684952726.88425,2842048997.77283,2499115623.00272,2707146783.13056,2851610655.92391,3040414278.02236,2982247278.61577,..
GDP (current US$),NY.GDP.MKTP.CD,Grenada,GRD,278098762.962963,520044370.37037,778655925.925926,799882259.259259,842620111.111111,911497407.407407,997007925.925926,1061640740.74074,1125685185.18519,1166523555.55556,1212694407.40741,1042100555.55556
GDP (current US$),NY.GDP.MKTP.CD,Guam,GUM,..,..,4984000000,5265000000,5399000000,5610000000,5799000000,5901000000,6013000000,6060000000,6364000000,5844000000
GDP (current US$),NY.GDP.MKTP.CD,Guatemala,GTM,7650125217.35253,19288827158.9035,46876114650.4996,49593961141.7484,52996540703.5943,57852399963.7878,62186186575.7433,66053725049.0138,71654134378.5299,73208583758.9105,77020015201.3201,77604632170.5853
GDP (current US$),NY.GDP.MKTP.CD,Guinea,GIN,2666750685.8495,2995361140.63217,6785137172.77058,7638045254.42864,8376613843.27265,8778473614.54728,8794202443.67366,8595955581.21787,10324668266.5921,11857030336.5252,13513809258.2131,15681050917.1563
GDP (current US$),NY.GDP.MKTP.CD,Guinea-Bissau,GNB,243961995.509785,371095510.047761,1099818651.98114,989271229.637162,1046087417.96916,1054915645.19654,1048229629.42039,1179004941.22904,1350177127.5523,1504630120.99275,1439638443.38133,1431758242.90375
GDP (current US$),NY.GDP.MKTP.CD,Guyana,GUY,396582263.291139,712667896.727512,3691384317.52178,4063089191.87525,4167800259.20888,4127659492.02031,4279840193.7046,4482697336.56174,4748174334.14044,4787636237.24043,5173760191.84652,5471256594.72422
GDP (current US$),NY.GDP.MKTP.CD,Haiti,HTI,3096289800,6813577558.17628,13008754110.8113,13708926466.2732,14902474090.615,15139264670.4225,14833154471.7456,13987693738.923,15035560372.6443,16455034352.7671,14785839382.9002,14508218017.4032
GDP (current US$),NY.GDP.MKTP.CD,Honduras,HND,4923009551.51561,7103826902.2067,17588098574.7369,18400538859.3598,18372173380.7373,19618567249.5003,20833948799.5352,21566622849.6057,22975415842.4648,23900438563.7271,24915522849.1544,23662231633.9139
GDP (current US$),NY.GDP.MKTP.CD,"Hong Kong SAR, China",HKG,76928290841.8701,171668164082.555,248513617677.287,262629441493.476,275696879834.966,291459356985.337,309383627028.561,320837638328.846,341244161576.759,361691522612.745,363016373358.517,346585881503.635
GDP (current US$),NY.GDP.MKTP.CD,Hungary,HUN,..,47218405892.4258,141999960209.893,128857370476.631,135732595721.853,141078984816.675,125210324613.14,128636108315.474,143136245596.988,160586833778.457,163526491433.29,155808436238.487
GDP (current US$),NY.GDP.MKTP.CD,Iceland,ISL,6468736286.92707,9025660361.75842,15221622925.9319,14751508133.5443,16125060515.3117,17867662177.8911,17517210519.0912,20793168030.9524,24728285177.4603,26267063757.5495,24857740445.0401,21718075725.2054
GDP (current US$),NY.GDP.MKTP.CD,India,IND,320979026419.633,468394937262.37,1823049927771.46,1827637859135.7,1856722121394.53,2039127446298.55,2103587813812.75,2294797980509.01,2651472946374.91,2701111782775.03,2870504096717.77,2660245248867.63
GDP (current US$),NY.GDP.MKTP.CD,Indonesia,IDN,106140727357.032,165021012077.81,892969107923.094,917869910105.749,912524136718.018,890814755233.225,860854235065.079,931877364177.742,1015618742565.81,1042271531011.99,1119091259074.62,1058423838345.14
GDP (current US$),NY.GDP.MKTP.CD,"Iran, Islamic Rep.",IRN,124813263926.225,109591707802.216,580764902917.439,598868460912.847,460293149324.326,432687036177.818,384951479697.42,417983583565.54,445345256459.105,294356680624.658,258245497664.394,203471303952.344
GDP (current US$),NY.GDP.MKTP.CD,Iraq,IRQ,180408064516.129,48364250943.9051,185749664444.444,218002481737.691,234637675128.645,228415656174.957,166774109673.732,166602488747.885,187217660050.676,227367469034.031,235097182233.503,166756984395.973
GDP (current US$),NY.GDP.MKTP.CD,Ireland,IRL,49305632408.4929,99958806891.4686,238662833333.918,225509709550.982,238211547205.677,258625192663.58,291462799328.949,298725229419.215,334602299873.029,384853685231.018,399122063504.148,425888950992.003
GDP (current US$),NY.GDP.MKTP.CD,Isle of Man,IMN,..,1563667799.61578,6566098381.6696,6690725118.48341,7000748788.49461,7708834951.45631,7085288006.11154,6846691871.45558,6979581724.58172,7491969312.87525,7315388052.08067,..
GDP (current US$),NY.GDP.MKTP.CD,Israel,ISR,..,132455662080.298,262293871093.061,258417104163.53,294167366504.266,310944937638.436,300078278118.434,319024417316.889,355277223507.485,373641241440.789,397934596952.56,407100736594.064
GDP (current US$),NY.GDP.MKTP.CD,Italy,ITA,1181222653522.95,1143829832319.88,2291991045770.29,2087077032435.15,2141315327318.21,2159133919743.77,1835899237320.04,1875797463583.87,1956950469673.29,2090910879119.33,2009383867307.45,1888709443687.48
GDP (current US$),NY.GDP.MKTP.CD,Jamaica,JAM,4592224067.37194,9005064474.93003,14444655299.8772,14807086889.2099,14264202737.3082,13899228824.2161,14188935947.5694,14077109396.8584,14808989993.3185,15730793852.7913,15830768549.8916,13812425036.5864
GDP (current US$),NY.GDP.MKTP.CD,Japan,JPN,3132817652848.04,4968359075956.59,6233147172341.35,6272362996105.03,5212328181166.18,4896994405353.29,4444930651964.18,5003677627544.24,4930837369151.42,5036891740656.35,5148781948478.17,5057758958706.64
GDP (current US$),NY.GDP.MKTP.CD,Jordan,JOR,4160003917.43258,8460424400.56418,29524149154.9296,31634561690.1408,34454440140.8451,36847643521.1268,38587017887.3239,39892551126.7606,41408960845.0704,42932112676.0563,44502895915.493,43697659295.7747
GDP (current US$),NY.GDP.MKTP.CD,Kazakhstan,KAZ,26932729102.7371,18291994909.0044,192626507971.584,207998568865.789,236634552078.102,221415572819.5,184388432148.715,137278320084.171,166805800595.704,179339994859.384,181667190075.541,171082379532.988
GDP (current US$),NY.GDP.MKTP.CD,Kenya,KEN,8572359162.85631,12705357103.0056,46869457318.2541,56396706005.9435,61671425370.0235,68285768554.472,70120413328.7838,74815121314.9381,82035800868.187,92202956320.532,100555485831.944,101013726529.063
GDP (current US$),NY.GDP.MKTP.CD,Kiribati,KIR,39809538.6776989,67254174.3970315,181705153.610056,190243432.813514,185114059.61905,179703165.412383,171117816.66613,178328984.096884,187276124.790591,200157020.642498,188391770.636764,197508774.344505
GDP (current US$),NY.GDP.MKTP.CD,"Korea, Dem. People's Rep.",PRK,..,..,..,..,..,..,..,..,..,..,..,..
GDP (current US$),NY.GDP.MKTP.CD,"Korea, Rep.",KOR,283367525714.932,576178114168.494,1253223044718.99,1278427634342.59,1370795199976.18,1484318219633.63,1465773245547.15,1500111596236.37,1623901496835.79,1724845615629.26,1651422932447.77,1637895802792.9
GDP (current US$),NY.GDP.MKTP.CD,Kosovo,XKX,..,..,6341737193.76392,6163785172.81254,6735731172.79851,7074657898.23303,6295820481.52668,6682832632.27806,7180813375.50836,7878508502.59802,7899879086.43081,7716925356.12536
GDP (current US$),NY.GDP.MKTP.CD,Kuwait,KWT,18427777777.7778,37712842242.5033,154068115942.029,174070382279.385,174161142454.161,162631412508.784,114567298105.683,109419728566.7,120707435542.367,138182400331.126,136196760210.804,105960225688.145
GDP (current US$),NY.GDP.MKTP.CD,Kyrgyz Republic,KGZ,2675000000,1369688498.06778,6197766118.59856,6605139933.41063,7335027591.91628,7468096566.71158,6678178340.45121,6813092065.83507,7702934800.12836,8271108638.39931,8871026074.19762,7735976272.75983
GDP (current US$),NY.GDP.MKTP.CD,Lao PDR,LAO,865559856.1639,1731198022.45494,8750107401.57872,10192848926.2582,11983252611.2727,13279248478.8161,14426381187.0894,15912495368.8717,17071162084.4067,18141651381.3884,18897252232.5826,19132635711.6957
GDP (current US$),NY.GDP.MKTP.CD,Latvia,LVA,..,7958852838.93395,27474380566.265,28169902669.3784,30204783461.8488,31345148670.5896,27252128626.6281,28064533352.2849,30408509601.8003,34412210812.2783,34308783825.3019,33707320816.3036
GDP (current US$),NY.GDP.MKTP.CD,Lebanon,LBN,2838485353.96187,17260364842.4544,39927125961.2072,44035991893.0218,46909335550.6109,48133414840.4075,50065946086.17,51389318290.8642,53324800958.6119,55276157552.246,51953744507.4091,31735217784.5445
GDP (current US$),NY.GDP.MKTP.CD,Lesotho,LSO,596415104.549144,887295267.875155,2579421686.24912,2477702252.80078,2367113170.00373,2441053175.70743,2359759799.04224,2114323793.98266,2306843528.52853,2514146887.91664,2366213068.57507,1875227642.47384
GDP (current US$),NY.GDP.MKTP.CD,Liberia,LBR,..,874000000,2398000000,2791614000,3177198100,3225652000,3227075700,3398419600,3390703400,3422754800,3319596500,3201187800
GDP (current US$),NY.GDP.MKTP.CD,Libya,LBY,28901836158.1921,38270206950.41,34699395523.6073,81873662518.8238,65502870173.7831,41142722414.3351,27842131479.8726,26197143268.1243,37883243650.452,52607888717.9487,52091152228.3425,25418916028.8964
GDP (current US$),NY.GDP.MKTP.CD,Liechtenstein,LIE,1421466239.56234,2483953102.79488,5739977477.47748,5456009384.66461,6391735893.83968,6657170923.37918,6268391521.19701,6237264055.20601,6474256118.61481,6839145106.86164,6684443550.01006,..
GDP (current US$),NY.GDP.MKTP.CD,Lithuania,LTU,..,11524776866.6379,43535051482.3869,42927454291.478,46523420074.4372,48533659592.1728,41418872976.1196,43018087237.5741,47640770634.427,53724663842.5623,54697379017.3332,56546957475.4912
GDP (current US$),NY.GDP.MKTP.CD,Luxembourg,LUX,12778792853.6939,21177470978.4411,61615545000.3597,59779802783.3455,65184744717.028,68713294386.2129,60047430684.2639,62174650367.2216,65549868206.9418,71250208995.6425,70195715495.5136,73353132793.7076
GDP (current US$),NY.GDP.MKTP.CD,"Macao SAR, China",MAC,3246477995.26244,6774193548.3871,36845925519.4433,43189526777.5567,51536304807.6803,54903031137.7096,45047964934.2517,45070605746.0194,50440941938.6992,55284360483.1217,55204758069.5124,25586111076.3415
GDP (current US$),NY.GDP.MKTP.CD,Madagascar,MDG,3931334870.74964,4629247090.97816,11551819617.6416,11578974887.9668,12423555269.3948,12522957228.1618,11323020828.5844,11848613735.1908,13176313593.5418,13760033096.5122,14104664514.87,13056079982.3887
GDP (current US$),NY.GDP.MKTP.CD,Malawi,MWI,1880771556.30474,1743506531.32652,8004000737.30717,6028487928.83351,5518880768.57955,6047813437.31804,6373212640.84604,5433040159.88747,8943543677.18899,9880675785.93057,11025357837.607,12182348212.7073
GDP (current US$),NY.GDP.MKTP.CD,Malaysia,MYS,44024178343.0071,93789736842.1053,297951960784.314,314443149443.149,323277158906.979,338061963396.376,301354803994.367,301255380276.258,319112136545.438,358791603677.728,365276282438.141,337006066373.26
GDP (current US$),NY.GDP.MKTP.CD,Maldives,MDV,215043969.849246,624337145.284622,2774351760.03287,2886170571.69634,3295011381.75405,3697351596.83753,4109424799.72407,4379136461.83077,4754175869.24027,5300962659.51088,5607762625.14627,3742769967.42798
GDP (current US$),NY.GDP.MKTP.CD,Mali,MLI,2681959313.15654,2961476518.21292,12995113407.2335,12442036265.1484,13242691429.5942,14364937996.8661,13104764333.9941,14026048690.7312,15365714371.3316,17070866299.0945,17280251193.9527,17465392915.9153
GDP (current US$),NY.GDP.MKTP.CD,Malta,MLT,2547163582.33149,4069515579.07114,9638916481.06904,9462238211.48657,10551661176.7831,11626281387.0068,11091434483.5238,11721521912.7202,13221298307.8894,14864712990.1631,15215714309.0974,14647384607.604
GDP (current US$),NY.GDP.MKTP.CD,Marshall Islands,MHL,78476000,115347500,172188500,180436300,184840400,182142800,183814300,201510900,213204100,221588900,239462200,244462400
GDP (current US$),NY.GDP.MKTP.CD,Mauritania,MRT,1506914407.82331,1779523344.34106,6764635686.79345,6728208836.22143,7223063169.72749,6592537781.81518,6166857628.62212,6398744505.08129,6799075418.99441,7354430040.11966,7889662452.16785,7913680231.1828
GDP (current US$),NY.GDP.MKTP.CD,Mauritius,MUS,2653480001.34558,4663313620.01707,11518393367.2403,11668685524.1265,12129642296.4425,12803445933.5894,11692287066.381,12232463655.5727,13259351418.4459,14181951058.5129,14045808843.221,10920606197.6928
GDP (current US$),NY.GDP.MKTP.CD,Mexico,MEX,261253582805.945,707906744574.644,1180489601957.61,1201089987015.45,1274443084716.57,1315351183524.54,1171867608197.72,1078490651625.31,1158913035796.37,1222408203104.3,1269433932805.91,1073915880822.5
GDP (current US$),NY.GDP.MKTP.CD,"Micronesia, Fed. Sts.",FSM,147200000,233271800,311301600,327248700,317214400,319271200,316489900,332265200,366666800,401932300,408057100,410083600
GDP (current US$),NY.GDP.MKTP.CD,Moldova,MDA,..,1288429391.79951,8414360656.29632,8709165249.26928,9496684701.43325,9510219299.49557,7745231660.33425,8071480540.86068,9669759987.02633,11456728401.3069,11970233939.8808,11915547262.6561
GDP (current US$),NY.GDP.MKTP.CD,Monaco,MCO,2481316053.96507,2647885848.5351,6088808463.25167,5743029680.07195,6555983530.34932,7069616048.89066,6261622101.40908,6472990923.1791,6431314957.07185,7194024563.06094,7383745662.15157,6816219303.25528
GDP (current US$),NY.GDP.MKTP.CD,Mongolia,MNG,2560785660,1136896123.61298,10409797649.3063,12292770631.1967,12582122604.1921,12226514722.0861,11619892396.0767,11181350461.4723,11480847745.3187,13178094459.4548,14206359006.8095,13312981594.573
GDP (current US$),NY.GDP.MKTP.CD,Montenegro,MNE,..,984297589.359934,4544516982.18263,4087725812.66864,4464260488.58205,4587928884.17142,4052913385.82677,4374128318.58407,4844592066.71174,5504166666.66667,5542674317.06225,4769860740.74074
GDP (current US$),NY.GDP.MKTP.CD,Morocco,MAR,30180108561.9305,38857251336.3448,101370474295.109,98266306615.3632,106825649872.108,110081248587.369,101179808076.36,103311649248.024,109682728023.112,118096227400.092,119870439113.662,114725065285.149
GDP (current US$),NY.GDP.MKTP.CD,Mozambique,MOZ,..,5656473652.41147,14381552432.9494,16350804543.0515,16974320551.0213,17716084107.5888,15950969018.9458,11936999283.1791,13219084261.3664,14845870050.7092,15384701797.9863,14019446610.1963
GDP (current US$),NY.GDP.MKTP.CD,Myanmar,MMR,2036373522.69939,6849321645.95623,54118601974.7947,58318677644.9492,60572254371.4731,63264891867.054,63045306513.9323,60291738934.7783,61449391917.1299,67144726167.9303,68697761477.1818,79852046610.9676
GDP (current US$),NY.GDP.MKTP.CD,Namibia,NAM,2789944497.95827,3922247989.85562,12523402328.7671,13042007432.4489,12043276397.1652,12435416060.2791,11335179562.0211,10721994676.6562,12895153160.466,13682062249.2236,12496781719.7752,10619194505.3543
GDP (current US$),NY.GDP.MKTP.CD,Nauru,NRU,..,..,66055407.6703145,96927201.4848422,98491843.6441982,104654365.188653,86529661.3694983,99723394.9628767,109359680.217211,124021393.690412,118724073.809183,114626625.553023
GDP (current US$),NY.GDP.MKTP.CD,Nepal,NPL,3627562402.66027,5494252207.90502,21621710002.5111,21703106502.4926,22162208956.0893,22731602969.6861,24360795410.1597,24524098184.4236,28971589213.134,33111525182.7133,34186180694.9285,33657175561.329
GDP (current US$),NY.GDP.MKTP.CD,Netherlands,NLD,318330511920.61,416442786069.652,904085980796.018,838971306990.906,876923518850.405,890981311077.658,765264949780.999,783528181704.567,831809944960.879,913597086062.599,910194347568.626,913865395789.886
GDP (current US$),NY.GDP.MKTP.CD,New Caledonia,NCL,2529440424.33462,3420032041.95867,10351448025.3062,9659151908.65882,10151382876.8157,10635035550.0101,8738203041.54819,8724568970.67891,9173669999.5986,9846920284.01006,9438127994.09456,..
GDP (current US$),NY.GDP.MKTP.CD,New Zealand,NZL,45495129385.0475,52623281956.7031,168291357111.739,176206659722.524,190906575136.003,201313497220.917,178064471137.921,188943457301.474,206950600690.395,212225726657.864,212891048340.608,210700848973.509
GDP (current US$),NY.GDP.MKTP.CD,Nicaragua,NIC,1009455483.87097,5107329007.0922,9774262741.75783,10532006608.1447,10982979274.1922,11880434070.7811,12756706583.3113,13286083644.8761,13785876629.3189,13025239912.2751,12611218627.0632,12621505382.6062
GDP (current US$),NY.GDP.MKTP.CD,Niger,NER,3512356353.0798,2241753120.21267,8772951261.81807,9426913349.22319,10224897934.722,10862944203.5591,9683867893.68343,10398862244.9737,11185102399.5762,12808660528.0617,12916455161.1081,13741378450.136
GDP (current US$),NY.GDP.MKTP.CD,Nigeria,NGA,54035795388.0915,69448756932.5833,404993594133.582,455501524575.498,508692961937.492,546676374567.721,486803295097.89,404650006428.613,375746469538.666,397190484464.308,448120428858.769,432293776262.398
GDP (current US$),NY.GDP.MKTP.CD,North Macedonia,MKD,4699646643.10954,3772857145.0248,10494632699.3859,9745251126.0109,10817712138.9451,11362272837.8818,10064515432.0265,10672471860.7184,11307058382.3435,12683070061.4695,12606338448.547,12263710122.7645
GDP (current US$),NY.GDP.MKTP.CD,Northern Mariana Islands,MNP,..,..,729000000,746000000,772000000,832000000,910000000,1230000000,1560000000,1302000000,1182000000,..
GDP (current US$),NY.GDP.MKTP.CD,Norway,NOR,119791683307.507,171247131268.604,498283438454.281,509506317146.541,522761531914.894,498410050251.256,385801550067.169,368827142857.143,398393955268.99,436999692591.454,404941363636.364,362198318435.26
GDP (current US$),NY.GDP.MKTP.CD,Oman,OMN,11685045513.6541,19507452535.7607,77497529258.7776,87408842652.7958,89936020806.2419,92699089726.9181,78710793237.9714,75128738621.5865,80856697009.1027,91505851755.5267,88060858257.4772,73971391417.4252
GDP (current US$),NY.GDP.MKTP.CD,Pakistan,PAK,40010423970.4576,82017743416.2841,213587413183.996,224383620829.57,231218567178.979,244360888750.807,270556131701.171,278654637737.69,304567253219.097,314567541558.339,279056608888.638,262610002938.509
GDP (current US$),NY.GDP.MKTP.CD,Palau,PLW,..,146297500,196911100,212397800,221117200,241669800,280457700,298300000,285300000,284700000,274200000,257700000
GDP (current US$),NY.GDP.MKTP.CD,Panama,PAN,6433967000,12304115000,34686224301.1773,40429734384.2184,45599994004.8873,49921464365.3204,54091713775.5634,57907695408.9392,62202725204.4646,64929409212.4566,66984427150.321,53977036995.1729
GDP (current US$),NY.GDP.MKTP.CD,Papua New Guinea,PNG,3219730364.99623,3521339699.07407,17984910501.8979,21295659243.6168,21261432791.2675,23210682538.3928,21723531173.2409,20759069103.0961,22742613553.6879,24109509852.7402,24751344552.2057,24668899683.4299
GDP (current US$),NY.GDP.MKTP.CD,Paraguay,PRY,5812114523.02702,8855705139.55857,33756238766.5,33296438306.4747,38651334287.6732,40377987208.689,36211372702.8085,36089550659.0914,38997129473.5558,40225448340.6322,37906944074.6128,35670301496.1061
GDP (current US$),NY.GDP.MKTP.CD,Peru,PER,26410386669.3609,51744749133.213,171761737046.585,192648999090.082,201175469114.327,200789362451.567,189805300841.603,191895943823.887,211007207483.515,222574697255.522,228470919605.669,202014363787.233
GDP (current US$),NY.GDP.MKTP.CD,Philippines,PHL,50508286643.0184,83669693589.1547,234216930369.373,261920509949.785,283902728259.788,297483247100.855,306446140627.933,318626761492.305,328480867143.204,346842094174.513,376823278560.849,361489325230.731
GDP (current US$),NY.GDP.MKTP.CD,Poland,POL,65977749036.9844,172219461126.067,528301269069.799,498523568248.119,521016262734.924,542477096211.761,477811911394.084,472630364208.177,526508877305.321,587411745161.558,597280564671.563,596624355719.671
GDP (current US$),NY.GDP.MKTP.CD,Portugal,PRT,78713860216.5659,118310710337.203,244797226567.109,216236608773.976,226369502104.236,229596170846.995,199313894327.486,206286022781.894,220811110492.149,242194788533.537,239986922638.902,228539245045.341
GDP (current US$),NY.GDP.MKTP.CD,Puerto Rico,PRI,30603919000,61701800000,100351700000,101564800000,102450000000,102445800000,103375500000,104336700000,103445526000,100925000000,104914600000,103138300000
GDP (current US$),NY.GDP.MKTP.CD,Qatar,QAT,7360439423.07692,17759890109.8901,167775268626.374,186833502362.637,198727642967.033,206224598571.429,161739955576.923,151732181868.132,161099122225.275,183334953818.681,176371267689.082,144411363345.27
GDP (current US$),NY.GDP.MKTP.CD,Romania,ROU,38995454545.4545,37253259016.9976,183326740143.016,170635805316.879,190801346194.297,199959363430.073,177729210874.504,188128818486.401,211695422578.655,241457403085.042,249881592298.072,248715551366.635
GDP (current US$),NY.GDP.MKTP.CD,Russian Federation,RUS,516814274021.956,259710142196.943,2045925608274.37,2208295773643.15,2292473246621.08,2059241965490.83,1363481063446.77,1276786979221.81,1574199387070.9,1657328865709.99,1687448525466.61,1483497784867.6
GDP (current US$),NY.GDP.MKTP.CD,Rwanda,RWA,2550185618.14774,2067528500.40621,6881038269.61727,7650300319.83,7815599502.65683,8241332516.54991,8539048447.78065,8690485823.14546,9253098954.27769,9640280084.19572,10355974217.3735,10333991455.5443
GDP (current US$),NY.GDP.MKTP.CD,Samoa,WSM,125766269.755358,269019710.327456,737147951.052999,760319276.013529,770059550.966038,756805940.214677,787958585.894736,799493884.324697,832025573.983795,821286927.535723,852007112.724637,807100820.648132
GDP (current US$),NY.GDP.MKTP.CD,San Marino,SMR,..,1005159388.24397,1813752783.96437,1604779647.95066,1678841811.66158,1673973694.69908,1419394771.21029,1468377272.13859,1528630707.49794,1655300872.53427,1616369645.99635,..
GDP (current US$),NY.GDP.MKTP.CD,Sao Tome and Principe,STP,..,..,231489270.144529,250680845.747837,300554483.611626,346528329.183227,316066072.343754,345495614.979982,375614126.193877,412253809.728799,427425039.684339,472914469.91933
GDP (current US$),NY.GDP.MKTP.CD,Saudi Arabia,SAU,117630271802.48,189514926213.333,671238840106.667,735974843360,746647127413.333,756350347333.333,654269902880,644935541440,688586244293.333,786521831573.333,792966838160,700117873253.333
GDP (current US$),NY.GDP.MKTP.CD,Senegal,SEN,7390967034.67363,6013184809.23898,17814284622.1718,17660871725.9977,18918668644.1941,19797254643.1212,17774766636.0459,19040312815.1337,20996564751.5994,23116699808.1723,23306213742.3602,24644234594.6566
GDP (current US$),NY.GDP.MKTP.CD,Serbia,SRB,..,6875845986.52121,49258136128.9672,43309252921.0567,48394239474.6762,47062206677.6539,39655958842.5478,40692643373.0327,44179055279.8887,50640650221.4622,51514222381.8428,53335016425.4148
GDP (current US$),NY.GDP.MKTP.CD,Seychelles,SYC,368584758.942457,614879764.780006,1065826669.89742,1060226125.62616,1328157608.83087,1343007845.04468,1377495054.04127,1426651768.82189,1528242026.36264,1547690759.44363,1582841058.89479,1059886363.63636
GDP (current US$),NY.GDP.MKTP.CD,Sierra Leone,SLE,649644826.800447,635874002.198748,2942546781.04548,3801862611.36414,4920343194.99339,5015157815.73406,4218723875.1379,3674794530.18956,3719369107.34992,4085114794.22324,4076578542.56207,4063289449.58795
GDP (current US$),NY.GDP.MKTP.CD,Singapore,SGP,36144336768.7023,96074477958.2367,279351168707.267,295087220933.024,307576360584.992,314851156183.411,308004146057.608,318763807455.664,343337750742.27,375981539145.907,374386306993.109,339998477929.985
GDP (current US$),NY.GDP.MKTP.CD,Sint Maarten (Dutch part),SXM,..,..,936089385.47486,985865921.787709,1022905027.93296,1245251396.64804,1253072625.69832,1263687150.83799,1191620111.73184,1185474860.3352,..,..
GDP (current US$),NY.GDP.MKTP.CD,Slovak Republic,SVK,12747380650.0762,29169953012.7142,99362720493.6429,94258572686.2287,98541305462.1038,100954719362.24,88601289843.0917,89614053143.7939,95157888666.9967,105561218935.334,105284375640.698,105172564491.569
GDP (current US$),NY.GDP.MKTP.CD,Slovenia,SVN,..,20289627636.6767,51516366654.8197,46580457470.2769,48401896808.3064,49930685013.4603,43090173394.6913,44736333522.4522,48469082710.3089,54137142149.4799,54178877605.9999,53589609580.7099
GDP (current US$),NY.GDP.MKTP.CD,Solomon Islands,SLB,214727767.638123,419933580.931046,1049952233.25874,1190994126.60431,1284698922.22785,1335538893.33315,1307061543.70981,1378551118.49224,1483758906.61054,1574599182.64697,1570093229.25588,1545888426.23031
GDP (current US$),NY.GDP.MKTP.CD,Somalia,SOM,917044228.012679,..,..,..,4574495666.99486,5021956321.11861,5331761394.25501,5529873479.87153,5609000000,5850677295.69858,6476674591.87348,6965285324.52207
GDP (current US$),NY.GDP.MKTP.CD,South Africa,ZAF,115552349036.929,151753369491.916,458201514136.977,434400545085.811,400886013595.573,381198869776.106,346709790458.563,323585509674.481,381448814653.456,404842116738.074,387934574098.17,335442101366.417
GDP (current US$),NY.GDP.MKTP.CD,South Sudan,SSD,..,..,14907308932.7534,11931472169.4915,18426469016.9492,13962212847.4576,11997800760.2242,..,..,..,..,..
GDP (current US$),NY.GDP.MKTP.CD,Spain,ESP,536558591250.408,596877648793.072,1478772824224.03,1324820091194.67,1354757433212.72,1369398844599.58,1195119269971.52,1232076017361.53,1309297246509.31,1420300232663.59,1393046093137.25,1281484640043.58
GDP (current US$),NY.GDP.MKTP.CD,Sri Lanka,LKA,8032551173.24014,16330814179.9766,65292753005.4665,68434409315.1123,74317806538.3632,79356449840.5771,80604080688.5775,82401038709.5356,87428128123.7209,87963042340.8379,83990946939.4651,80676681933.978
GDP (current US$),NY.GDP.MKTP.CD,St. Kitts and Nevis,KNA,217259259.259259,421695769.843918,817759259.259259,800414814.814815,839770370.37037,916566666.666667,923155555.555555,1008888888.88889,1060740740.74074,1078518518.51852,1164814814.81481,980740740.740741
GDP (current US$),NY.GDP.MKTP.CD,St. Lucia,LCA,579629629.62963,932592592.592592,1576988407.40741,1605146777.77778,1664816740.74074,1755130814.81481,1808079888.88889,1865513444.44444,1996771444.44444,2065127259.25926,2118791555.55556,1616772740.74074
GDP (current US$),NY.GDP.MKTP.CD,St. Martin (French part),MAF,..,..,..,..,..,..,..,..,..,..,..,..
GDP (current US$),NY.GDP.MKTP.CD,St. Vincent and the Grenadines,VCT,240366666.666667,396262962.962963,676129629.62963,692933333.333333,721207407.407407,727714814.814815,755400000,774429629.62963,792177777.777778,811300000,825040740.740741,807474074.074074
GDP (current US$),NY.GDP.MKTP.CD,Sudan,SDN,12408647540.9836,12257418326.0734,55018567210.5263,37632919966.6667,43024018082.1918,49516748617.9775,51726758676.7677,42630376000,41283617976.1905,30964349684.7059,26155799324.8663,21329109521.8077
GDP (current US$),NY.GDP.MKTP.CD,Suriname,SUR,388400000,947671969.69697,4422276621.78703,4980000000,5145757575.75758,5240606060.60606,5126291450.81511,3317438910.83068,3591623596.03082,3996247906.19765,3984483762.37123,2884248048.49068
GDP (current US$),NY.GDP.MKTP.CD,Sweden,SWE,261846194498.885,262835454366.855,574094112972.733,552483727282.802,586841821796.891,581964017237.095,505103781349.757,515654671469.547,541018749769.097,555455371487.089,533879529188.454,541220059459.25
GDP (current US$),NY.GDP.MKTP.CD,Switzerland,CHE,265987061618.198,279841151705.353,722038242134.62,692109693986.886,712748124222.61,734396591036.932,702149580770.901,695600652899.283,704478516963.855,735539301552.674,731767398052.879,752248045730.11
GDP (current US$),NY.GDP.MKTP.CD,Syrian Arab Republic,SYR,23904498886.4143,80590022271.7149,64315437939.0108,42807315975.5342,20345458470.8427,21239000398.0826,16492072144.2125,12356980638.8143,16112991411.879,21490335085.8366,22777882165.1115,..
GDP (current US$),NY.GDP.MKTP.CD,Tajikistan,TJK,2629395852.11903,860521119.298753,6522732202.50748,7633049792.09321,8448469837.53831,9112544556.05962,8271454300.59548,6992393787.40891,7536439875.08334,7765014424.33779,8300784856.87904,8194150301.78552
GDP (current US$),NY.GDP.MKTP.CD,Tanzania,TZA,4258743262.82876,13375976353.6994,34657139495.4031,39650530214.3287,45680532613.7591,49964788814.0926,47378599025.3044,49774021003.0748,53320625958.5628,57003713610.7625,61136873692.3985,62409709110.9538
GDP (current US$),NY.GDP.MKTP.CD,Thailand,THA,85343063965.9182,126392233706.79,370819140946.553,397558222957.17,420333203150.426,407339454060.678,401296437424.995,413366150655.591,456356961443.497,506611070188.362,544263840039.166,501643653514.925
GDP (current US$),NY.GDP.MKTP.CD,Timor-Leste,TLS,..,367087900,1042411500,1160389500,1395519600,1447307100,1594410900,1650618500,1615609700,1583876200,2047931700,1902156800
GDP (current US$),NY.GDP.MKTP.CD,Togo,TGO,1628427515.41881,1491891107.95711,3872459249.74631,3873308389.30006,4321655656.33177,4574986536.90791,4180866177.03946,6031632168.17391,6395472574.41445,7112200725.00232,7220395247.7424,7574636978.66173
GDP (current US$),NY.GDP.MKTP.CD,Tonga,TON,113563821.577404,204849612.592276,414523388.461329,470714083.426751,450643615.180528,439878828.008608,437006227.162781,420540178.571429,460379144.989821,489235527.395387,512350059.421629,488829964.070819
GDP (current US$),NY.GDP.MKTP.CD,Trinidad and Tobago,TTO,5068000000,8154338232.95978,25433011405.3017,25763220107.0051,27268478564.5547,27615843098.0949,24959858249.4433,22386264807.3174,22385426653.883,23679919654.9891,23208326547.5327,21588037504.9992
GDP (current US$),NY.GDP.MKTP.CD,Tunisia,TUN,12290568181.8182,21473261837.0176,48122838144.5183,47311196335.2884,48683848563.8515,50271342086.4222,45780069046.659,44360775649.1664,42163974956.4834,42570270107.1147,41804581484.3655,41620349986.3089
GDP (current US$),NY.GDP.MKTP.CD,Turkey,TUR,150676291094.21,274302959053.103,838762755164.179,880556375779.51,957783020853.031,938952628604.067,864316670330.882,869692960365.551,858996263095.858,778471901665.148,761004425605.414,719954821683.31
GDP (current US$),NY.GDP.MKTP.CD,Turkmenistan,TKM,3189539641.31585,2904732773.48312,29233333333.3333,35164210526.3158,39197543859.6491,43524210526.3158,35799714285.7143,36169428571.4286,37926285714.2857,40765428571.4286,45231428571.4286,..
GDP (current US$),NY.GDP.MKTP.CD,Turks and Caicos Islands,TCA,..,..,728789570,727161000,754238000,841070000,942070000,1032452000,1022365000,1113178000,1197415000,924583000
GDP (current US$),NY.GDP.MKTP.CD,Tuvalu,TUV,8824447.74022325,13742057.0500928,38711810.2114492,37671774.6945537,37509075.1110253,37290607.5356048,35492074.2243257,36547799.583705,40619251.9926426,42588164.9731022,47271463.3298575,48855550.2030142
GDP (current US$),NY.GDP.MKTP.CD,Uganda,UGA,4304398865.88268,6193246837.09687,27871725205.585,27305915761.2794,28915786996.5408,32612397758.4418,32387183844.6574,29203988814.8973,30744473911.5312,32927025573.4296,35353060634.2022,37600368180.9399
GDP (current US$),NY.GDP.MKTP.CD,Ukraine,UKR,81393535306.2736,32375280320.5765,169333048847.834,182592416468.527,190498811460.028,133503411375.739,91030959454.6961,93355993628.5042,112090530368.543,130891049796.879,153882982016.281,155498989149.587
GDP (current US$),NY.GDP.MKTP.CD,United Arab Emirates,ARE,50701443748.2975,104337372362.151,350666031313.819,374590605854.323,390107556160.654,403137100068.074,358135057862.492,357045064669.843,385605506848.196,422215043594.282,417215559513.364,358868765174.924
GDP (current US$),NY.GDP.MKTP.CD,United Kingdom,GBR,1093169389204.55,1662127402027.54,2674891473843.81,2719158341005.79,2803291406029.93,3087165602962.86,2956573778737.76,2722851958486.23,2699016715111.39,2900791442554.06,2878673912414.44,2759804061837.07
GDP (current US$),NY.GDP.MKTP.CD,United States,USA,5963144000000,10252345464000,15542581104000,16197007349000,16784849196000,17527163695000,18238300569000,18745075687000,19542979183000,20611860934000,21433224697000,20953030000000
GDP (current US$),NY.GDP.MKTP.CD,Uruguay,URY,9298839655.23138,22823255801.8447,47962439303.7247,51264390116.4909,57531233350.9101,57236013086.1223,53274304222.136,57236652490.1699,64233966861.2518,64515038268.1373,61231149880.5857,53628827440.3582
GDP (current US$),NY.GDP.MKTP.CD,Uzbekistan,UZB,13360607917.8773,13760513969.314,60178909297.208,67517349212.0609,73180036692.3255,80845384375.1236,86196265191.6645,86138288615.1218,62081323299.0324,52633143808.1824,59907674027.4676,59929951114.3598
GDP (current US$),NY.GDP.MKTP.CD,Vanuatu,VUT,168879207.244148,272014693.050806,770153304.153832,747839697.746593,758304466.245339,772315721.265827,730870581.672312,780889605.899977,880043553.748442,914727908.137793,934521604.602009,881547928.58381
GDP (current US$),NY.GDP.MKTP.CD,"Venezuela, RB",VEN,48598315565.032,117140723529.412,316482190800.364,381286237847.667,371005379786.566,482359318767.703,..,..,..,..,..,..
GDP (current US$),NY.GDP.MKTP.CD,Vietnam,VNM,6471740805.56984,31172518403.3162,135539438559.709,155820001920.492,171222025117.381,186204652922.262,193241108709.536,205276172134.901,223779865815.183,245213686369.157,261921244843.172,271158442448.537
GDP (current US$),NY.GDP.MKTP.CD,Virgin Islands (U.S.),VIR,..,..,4223000000,4089000000,3738000000,3565000000,3663000000,3798000000,3794000000,3900000000,4068000000,..
GDP (current US$),NY.GDP.MKTP.CD,West Bank and Gaza,PSE,..,4313600000,11186100000,12208400000,13515500000,13989700000,13972400000,15405400000,16128000000,16276600000,17133500000,15561300000
GDP (current US$),NY.GDP.MKTP.CD,"Yemen, Rep.",YEM,5647119229.00763,9652436179.64605,32726417212.348,35401341663.0425,40415235701.9871,43228585321.3272,42445102386.6049,31317365269.4611,26840128755.3648,21606140907.4454,..,..
GDP (current US$),NY.GDP.MKTP.CD,Zambia,ZMB,3285217391.30435,3600683039.73254,23459515275.5776,25503060420.026,28037239462.7142,27141023558.0829,21251216798.7762,20958412538.3093,25873601260.8353,26311590296.7021,23308667781.2258,18110631358.3114
GDP (current US$),NY.GDP.MKTP.CD,Zimbabwe,ZWE,8783816700,6689957600,14101920300,17114849900,19091020000,19495519600,19963120600,20548678100,17584890936.6523,18115543790.7855,19284289739.0517,18051170798.941
GDP (current US$),NY.GDP.MKTP.CD,Africa Eastern and Southern,AFE,212336051488.558,283952504751.698,943378184761.64,950521438838.682,964242449960.242,984807065632.553,919930022724.422,873354876607.317,985355704660.083,1012853224905.79,1009909855421.84,920792331527.746
GDP (current US$),NY.GDP.MKTP.CD,Africa Western and Central,AFW,121802185300.139,140407973778.931,670962551547.58,727571396578.054,820787588844.362,864966625366.588,760729687146.574,690543020916.229,683741574626.192,741691624372.788,794572474605.872,784587603322.866
GDP (current US$),NY.GDP.MKTP.CD,Arab World,ARB,622694677505.617,816038849805.683,2501780036770.7,2740553055277.62,2799578701509.85,2831680517612.11,2463579840358.43,2411981152232.62,2466442560038.42,2730779681432.55,2776468692322.96,2447584445275.52
GDP (current US$),NY.GDP.MKTP.CD,Caribbean small states,CSS,18011678551.9402,34218221460.8249,69668271732.9069,72051115323.7984,73345409463.9086,74470922980.3425,73243299833.0016,69598702057.8724,71693634217.0543,75312833438.1826,76173669481.1443,66039332389.2884
GDP (current US$),NY.GDP.MKTP.CD,Central Europe and the Baltics,CEB,256335875977.442,428234697448.655,1449110989910.23,1353324521612.03,1422715062894.51,1465649450150.89,1292973709969.91,1321405910582.08,1463917493520.8,1645327230573.33,1673863310975.42,1653247533863.81
GDP (current US$),NY.GDP.MKTP.CD,Early-demographic dividend,EAR,1843572368449.89,3382436657072.22,9651875269406.52,10096217079186.6,10250908279248.5,10603415111975,10082377974481.9,10307820454608.6,11137608724945.9,11214753522578.3,11527336323652.6,10668243564848.3
GDP (current US$),NY.GDP.MKTP.CD,East Asia & Pacific,EAS,4737213308555.52,8373287271723.12,19751941337663.2,21131779106451.4,21367649737241,22038396030947.8,21951401205501.8,22720684963608.3,24268504216073,26416317598842.3,26981455514224.5,27097404937164.8
GDP (current US$),NY.GDP.MKTP.CD,East Asia & Pacific (excluding high income),EAP,667307249618.447,1734536872706.2,9608210463135.21,10719126410778.1,11828349008693.6,12751243799677.6,13281198366371.3,13560237634379.5,14819322198962.2,16574964993617.6,17135404533968.4,17448894596355.7
GDP (current US$),NY.GDP.MKTP.CD,East Asia & Pacific (IDA & IBRD countries),TEA,666362972987.231,1732082407187.03,9595845254012.88,10705343375492.8,11813186197924.9,12734944483410.7,13264224627407,13542946740899.4,14800506807477.9,16553933355619.7,17113644754522.8,17426659793626.2
GDP (current US$),NY.GDP.MKTP.CD,Euro area,EMU,5880686952499.88,6479521539517.45,13619653887377.9,12638916806936.3,13191652296932.5,13490997038990.6,11669741216577.3,11964468804660.3,12646241353753.9,13692226055585.5,13413568065812.5,13021049031268.7
GDP (current US$),NY.GDP.MKTP.CD,Europe & Central Asia,ECS,8823564877299.14,10046655321168.5,23296350638065.9,22463014714476.1,23477452103178.9,23793962374648.4,20508597009691,20445552705800.9,21648851652556.4,23217309660002.3,22934004820241.6,22121578723066.8
GDP (current US$),NY.GDP.MKTP.CD,Europe & Central Asia (excluding high income),ECA,917092319711.29,700116049358.491,3853333483348.16,4085332511672.57,4341022815353.31,4045786134160.93,3099131447149.27,2965857286860.64,3329876408661.55,3423986143967.44,3493926388854.03,3222403620453.33
GDP (current US$),NY.GDP.MKTP.CD,Europe & Central Asia (IDA & IBRD countries),TEC,999199633220.048,894263496403.46,4444804663240.09,4641048426844.03,4920928160403.57,4646593520129.38,3627106551426.51,3490782809413.07,3912599713398.07,4073645764077.81,4153453159866.14,3876733319266.95
GDP (current US$),NY.GDP.MKTP.CD,European Union,EUU,6498471911158.62,7260120640328.08,15741789992629.5,14636917145741.3,15296013552373.2,15634241267477.3,13547247755711.5,13885155820999.3,14734764528614.8,15971540026258.9,15689357247344.5,15291934754441.6
GDP (current US$),NY.GDP.MKTP.CD,Fragile and conflict affected situations,FCS,451158347880.237,501197343286.419,1539477359425.41,1738127377791.99,1806534337271.99,1958696313708.41,1560339195776.8,1407794580336.84,1440153462302.17,1572829705560.61,1661765815317.45,1508644836830.91
GDP (current US$),NY.GDP.MKTP.CD,Heavily indebted poor countries (HIPC),HPC,139531995232.513,176405809348.1,559476597826.001,579141767026.551,650020934455.225,687772113939.376,660137574454.023,668494140790.382,720193577997.662,768422112077.273,789831743959.288,797697289590.406
GDP (current US$),NY.GDP.MKTP.CD,High income,HIC,18934047464171.2,27690169149650.2,49109480602797.6,49159087672430.2,49750908505726.5,50836230895596.5,48055867599598.7,49096222099382.5,51317176380343.4,54557477581503.8,55045647599804.8,53461077539109.3
GDP (current US$),NY.GDP.MKTP.CD,IBRD only,IBD,3517668586759.41,5850631756845.23,23696138171256.5,25189109238990.9,26606911798876.8,27504267603927.4,25777855012106.7,25985815318089,28680103566456.8,30478923454219.6,31184076970102,29900583521576.8
GDP (current US$),NY.GDP.MKTP.CD,IDA & IBRD total,IBT,3865851524969.99,6385858732482.85,25368729260308.7,26954652148902.7,28527644003843.4,29559228896028.4,27795215937749.3,27944071146475.4,30704487501895.7,32623821519669.5,33422564858176.3,32139314724146.1
GDP (current US$),NY.GDP.MKTP.CD,IDA blend,IDB,146299215216.149,206705099958.278,814197671741.154,900516869460.178,977960758120.661,1049228964549.63,1011433451408.63,942117764046.8,925118884014.572,966188380162.912,998391254201.582,961669400838.282
GDP (current US$),NY.GDP.MKTP.CD,IDA only,IDX,201174765534.279,329945683301.963,858491015302.445,864900430446.951,942771446845.952,1005732327551.44,1005056077436.73,1015969363852.14,1100367908800.73,1179942494586.42,1240944011863.71,1278442378837.88
GDP (current US$),NY.GDP.MKTP.CD,IDA total,IDA,347531117301.83,535654571182.54,1672506445983.61,1765425258525.31,1920732204966.61,2054961292101.08,2016489528845.36,1958087127898.94,2025486792815.3,2146130874749.33,2239335266065.3,2239424393002.2
GDP (current US$),NY.GDP.MKTP.CD,Late-demographic dividend,LTE,1946877337292.49,3402666635857.83,16462146265737.5,17609867998265.3,18979037746812.3,19701784590184.2,18473004305920.9,18520215439507.4,20551282326381.3,22531965339672.5,22958638272110.5,22433389417760
GDP (current US$),NY.GDP.MKTP.CD,Latin America & Caribbean,LCN,1107710184716.12,2291889370138.06,6086927015359.81,6150388245718.43,6303267059984.83,6426942883850.92,5370990480732.64,5249213832711.21,5830526163632.23,5703878670404.75,5627255688192.68,4725519821856.69
GDP (current US$),NY.GDP.MKTP.CD,Latin America & Caribbean (excluding high income),LAC,969955036768.965,1980738589443.26,5310062551611.88,5288238994746.05,5431528584794.47,5460423914795.15,4652915580734.16,4527263970326.23,5047188672357.17,4905598920400.61,4849397095732.19,4035270946811.09
GDP (current US$),NY.GDP.MKTP.CD,Latin America & the Caribbean (IDA & IBRD countries),TLA,1038065372867.68,2177400505299.62,5885157581447.08,5942534525836.95,6090591227709.33,6209687027074.93,5142581183179.61,5014502216212.06,5590908813814.5,5462065046113.99,5376512716922.1,4478206456171.96
GDP (current US$),NY.GDP.MKTP.CD,Least developed countries: UN classification,LDC,151769014552.858,217725657627.925,776258122421.158,815688252970.839,893888138674.141,963349568034.599,946180216400.621,936300776403.567,1025443701461.53,1063215566761.73,1107362458211.5,1114278182953.05
GDP (current US$),NY.GDP.MKTP.CD,Low & middle income,LMY,3722584142679.29,6002721296961.37,24227089925208.7,25771548477079.8,27317543283463.3,28239015205215,26797210771637.8,26945295092752.2,29595883137001.7,31412370428414.3,32220208388558.1,30993151083682.1
GDP (current US$),NY.GDP.MKTP.CD,Low income,LIC,111023037406.573,188438378200.679,403961717711.885,384447795530.725,395478031005.28,423854169973.91,418166107033.512,387204228271.268,409137806152.78,425614516516.61,448440169081.511,459729949563.423
GDP (current US$),NY.GDP.MKTP.CD,Lower middle income,LMC,1030479694466.94,1507446414530.88,5935836124467.99,6230149293706.56,6343694020447.03,6596912130744.29,6458585149777.88,6737458245945.12,7246520795601.96,7346924046154.44,7735772656431.27,7384772400818.06
GDP (current US$),NY.GDP.MKTP.CD,Middle East & North Africa,MEA,800911182301.429,1046434254191.58,3287583543837.69,3557445838296.86,3508653077435.23,3524657942442.77,3095509625416.13,3105138845524.55,3225517205255.14,3368284061892.69,3406149805140.73,3035580428041.81
GDP (current US$),NY.GDP.MKTP.CD,Middle East & North Africa (excluding high income),MNA,507139807872.787,532013694132.4,1565628375271.21,1699939010902.07,1571815091867.65,1547656462442.83,1385866266853.23,1403896677724.43,1384689900925.74,1320216563622.83,1343535630261.11,1195745981528.4
GDP (current US$),NY.GDP.MKTP.CD,Middle East & North Africa (IDA & IBRD countries),TMN,502613125061.16,527700094132.4,1554442275271.21,1687730610902.07,1558299591867.65,1533666762442.83,1371893866853.23,1388491277724.43,1368561900925.74,1303939963622.84,1326402130261.11,1180179221398
GDP (current US$),NY.GDP.MKTP.CD,Middle income,MIC,3613924993280.27,5819856072472.66,23825999777911.6,25387752941965.9,26922118067747.4,27815839699399.7,26380350797716.6,26558023228732.3,29186000510333.6,30985606994094.4,31771082836908,30535343464998.6
GDP (current US$),NY.GDP.MKTP.CD,North America,NAC,6558665950908.47,11000599098931.6,17342220425174.5,18031752018521.6,18637912373835,19339327561439.9,19801463926217.1,20279970339907.4,21199387143244.1,22344414455783,23182723855482.3,22605296107568.4
GDP (current US$),NY.GDP.MKTP.CD,Not classified,INX,..,..,..,..,..,..,..,..,..,..,..,..
GDP (current US$),NY.GDP.MKTP.CD,OECD members,OED,18798023223111.9,27613249819170.1,48610827426814.3,48580091683230.5,49230642034494.1,50263889809025.3,47463898846648,48397984326277.6,50501618709816.2,53469075642165.5,53983129759722.6,52392675685741.2
GDP (current US$),NY.GDP.MKTP.CD,Other small states,OSS,54434614979.3292,91409484061.6568,396935260715.642,414204036938.196,432280813993.555,446198800396.374,369944240893.982,365871050813.934,398011979849.432,441549513063.081,432772412402.879,375853309054.965
GDP (current US$),NY.GDP.MKTP.CD,Pacific island small states,PSS,2351149203.55072,3444921969.80607,7713181064.07788,8186804963.31876,8498136739.25014,9226234550.7989,9019345253.78121,9456355295.65444,10212037558.4144,10656209172.6383,10641343380.1528,9530487871.90819
GDP (current US$),NY.GDP.MKTP.CD,Post-demographic dividend,PST,18350048061415.1,26380608834749.3,45786834754035.7,45736830487196.8,46190856863374.7,47132834889148.1,44639629214327.1,45663052438816.6,47592585202958.4,50485659285623,50983772698324.3,49594473170967.9
GDP (current US$),NY.GDP.MKTP.CD,Pre-demographic dividend,PRE,370608433032.483,277551252554.826,1199642640459.08,1306390237930.62,1435831507918.79,1511292036256.77,1318251883991.98,1205554683338.89,1258665620177.51,1344631255020.84,1407737206758.23,1293147607836.51
GDP (current US$),NY.GDP.MKTP.CD,Small states,SST,74735513586.8836,129062581247.978,474316713512.627,494441957225.314,514124360196.714,529895957927.516,452206885980.765,444926108167.461,479917651624.9,527518555673.901,519587425264.176,451423668844.166
GDP (current US$),NY.GDP.MKTP.CD,South Asia,SAS,407187370820.237,630429061929.228,2274546308870.42,2300089514184.29,2359608787133.33,2584563411971.5,2699434735086.46,2926447614196.87,3348108849820.74,3436593922937.52,3597252024123.45,3386420411905.1
GDP (current US$),NY.GDP.MKTP.CD,South Asia (IDA & IBRD),TSA,407187370820.238,630429061929.228,2274546308870.42,2300089514184.29,2359608787133.33,2584563411971.5,2699434735086.46,2926447614196.87,3348108849820.74,3436593922937.52,3597252024123.45,3386420411905.1
GDP (current US$),NY.GDP.MKTP.CD,Sub-Saharan Africa,SSF,333961210836.517,423087770312.556,1614001424232.48,1677883344952.53,1785030038804.6,1849773690999.14,1680659709871,1563897897523.55,1669097279286.27,1754544849278.58,1804482330027.71,1705379934850.61
GDP (current US$),NY.GDP.MKTP.CD,Sub-Saharan Africa (excluding high income),SSA,333592815221.553,422468703746.119,1612935944871.59,1676823602749.27,1783701881195.77,1848430683154.1,1679282214816.95,1562471245754.72,1667569037259.91,1752997158519.13,1802899488968.81,1704320048486.98
GDP (current US$),NY.GDP.MKTP.CD,Sub-Saharan Africa (IDA & IBRD countries),TSS,333961210836.517,423087770312.556,1614001424232.48,1677883344952.53,1785030038804.6,1849773690999.14,1680659709871,1563897897523.55,1669097279286.28,1754544849278.58,1804482330027.71,1705379934850.61
GDP (current US$),NY.GDP.MKTP.CD,Upper middle income,UMC,2588194433617.7,4312394262751.61,17890163653443.7,19157603648259.3,20578424047300.4,21218927568655.4,19921765647938.7,19820564982787.2,21939479714731.7,23638682947940,24035310180476.7,23150665555175.7
GDP (current US$),NY.GDP.MKTP.CD,World,WLD,22699238380982.9,33815965497462.6,73653745496223.1,75312277992941.6,77439507217123.8,79557660119700,75112444159420.1,76305058874647.8,81193291658568.8,86267600625419.4,87568054407493.1,84746979120044.5
,,,,,,,,,,,,,,,
,,,,,,,,,,,,,,,
,,,,,,,,,,,,,,,
Data from database: World Development Indicators,,,,,,,,,,,,,,,
Last Updated: 02/15/2022,,,,,,,,,,,,,,,
