Series Name,Series Code,Country Name,Country Code,1990,2000,2011,2012,2013,2014,2015,2016,2017,2018,2019,2020
GDP per capita (current US$),NY.GDP.PCAP.CD,Afghanistan,AFG,,,591.1900302,638.8458516,624.3154545,614.2233424,556.0072209,512.0127781,516.6798622,485.6684187,494.1793499,516.7478708
GDP per capita (current US$),NY.GDP.PCAP.CD,Albania,ALB,617.2304355,1126.68334,4437.142612,4247.630047,4413.062005,4578.633208,3952.802538,4124.05539,4531.019374,5287.663694,5395.659532,5246.292306
GDP per capita (current US$),NY.GDP.PCAP.CD,Algeria,DZA,2408.822985,1765.027146,5455.679403,5592.220115,5499.587331,5493.056695,4177.889542,3946.452447,4109.698217,4142.018558,3989.668276,3306.858208
GDP per capita (current US$),NY.GDP.PCAP.CD,American Samoa,ASM,,,10223.29836,11496.5241,11450.7242,11525.15639,12059.63516,12038.2497,11003.82976,11521.60978,11715.36014,12844.90099
GDP per capita (current US$),NY.GDP.PCAP.CD,Andorra,AND,18878.85231,21854.2468,43334.81141,38686.46126,39540.72481,41303.92937,35770.7767,37475.63506,38964.90448,41791.96984,40897.33087,
GDP per capita (current US$),NY.GDP.PCAP.CD,Angola,AGO,948.338178,556.8386317,4615.468219,5100.097027,5254.881126,5408.4117,4166.979833,3506.073128,4095.810057,3289.643995,2809.626088,1776.166868
GDP per capita (current US$),NY.GDP.PCAP.CD,Antigua and Barbuda,ATG,7347.646369,10872.29295,12746.63347,13272.73494,12910.59063,13501.58092,14285.32978,15198.74297,15383.5764,16679.59166,17376.64968,13992.74448
GDP per capita (current US$),NY.GDP.PCAP.CD,Argentina,ARG,4333.483372,7708.099115,12848.8642,13082.66433,13080.25473,12334.79825,13789.06042,12790.24247,14613.04182,11795.15939,10056.63794,8579.017773
GDP per capita (current US$),NY.GDP.PCAP.CD,Armenia,ARM,637.8559212,622.7409229,3525.807198,3681.844691,3838.17388,3986.231624,3607.289299,3591.828052,3914.527854,4220.540321,4604.646324,4266.018074
GDP per capita (current US$),NY.GDP.PCAP.CD,Aruba,ABW,12306.71768,20617.75047,24985.01392,24712.49326,26441.61994,26893.01151,28396.90842,28452.17061,29350.80502,30253.27936,,
GDP per capita (current US$),NY.GDP.PCAP.CD,Australia,AUS,18243.47142,21697.70848,62574.1457,68027.84171,68156.62792,62511.69059,56707.02208,49881.76371,53934.25018,57180.7794,54875.28596,51692.84275
GDP per capita (current US$),NY.GDP.PCAP.CD,Austria,AUT,21680.98962,24564.45829,51374.95841,48567.69529,50716.70871,51717.49594,44178.04738,45276.83144,47312.00623,51461.43322,50114.40111,48586.80132
GDP per capita (current US$),NY.GDP.PCAP.CD,Azerbaijan,AZE,,655.1199452,7189.691229,7496.294648,7875.756953,7891.313147,5500.310382,3880.738731,4147.089716,4739.84171,4805.753718,4221.407478
GDP per capita (current US$),NY.GDP.PCAP.CD,"Bahamas, The",BHS,12356.231,27098.15632,28005.9124,29485.86422,28583.0233,30065.1602,31776.05559,31732.91914,32376.50917,33290.02814,33799.41769,25194.02514
GDP per capita (current US$),NY.GDP.PCAP.CD,Bahrain,BHR,8529.052127,13636.41675,22514.20272,23654.36959,24744.29696,24989.43753,22634.08565,22608.45256,23742.93734,24085.95599,23551.93009,20409.9528
GDP per capita (current US$),NY.GDP.PCAP.CD,Bangladesh,BGD,306.2687008,418.0689421,861.7621622,883.1171296,981.8608514,1118.873808,1248.45331,1401.564635,1563.767819,1698.132081,1855.740094,1961.613749
GDP per capita (current US$),NY.GDP.PCAP.CD,Barbados,BRB,7711.295456,11268.42006,16458.35321,16249.67395,16451.27931,16489.07224,16524.8995,16900.04829,17391.66891,17745.25537,18148.49785,15373.8547
GDP per capita (current US$),NY.GDP.PCAP.CD,Belarus,BLR,2124.767944,1276.493985,6527.173869,6953.132515,7998.125239,8341.399679,5967.052204,5039.681886,5785.670673,6360.062473,6837.717826,6424.152176
GDP per capita (current US$),NY.GDP.PCAP.CD,Belgium,BEL,20600.37528,23041.53473,47348.52502,44673.11588,46744.66254,47700.54036,40991.80814,41984.10303,44089.31009,47519.5531,46591.49161,45159.34822
GDP per capita (current US$),NY.GDP.PCAP.CD,Belize,BLZ,2197.161593,3364.491731,4423.496842,4505.600593,4568.641228,4718.436581,4770.232656,4856.973249,4945.857699,5001.422157,5078.809944,4115.177008
GDP per capita (current US$),NY.GDP.PCAP.CD,Benin,BEN,393.686768,512.673902,1130.273251,1145.140105,1251.209767,1291.410185,1076.796698,1087.287331,1136.593872,1241.825298,1219.515506,1291.040972
GDP per capita (current US$),NY.GDP.PCAP.CD,Bermuda,BMU,26841.51974,56284.16865,97774.16207,98431.86518,99471.6389,98467.68399,102005.6256,106885.8785,111820.5815,113023.1856,117098.4463,107079.4798
GDP per capita (current US$),NY.GDP.PCAP.CD,Bhutan,BTN,541.9322571,718.196337,2563.261224,2538.949519,2472.724753,2652.225654,2752.630172,2930.574923,3286.596744,3243.477437,3322.863329,3000.779327
GDP per capita (current US$),NY.GDP.PCAP.CD,Bolivia,BOL,709.0599824,997.5817489,2346.337844,2609.880562,2908.20037,3081.878823,3035.971655,3076.65644,3351.124344,3548.59078,3552.068143,3133.099803
GDP per capita (current US$),NY.GDP.PCAP.CD,Bosnia and Herzegovina,BIH,,1484.176056,5092.554723,4777.066914,5129.663534,5330.355075,4729.689959,4994.971551,5394.268944,6070.349081,6119.762345,6079.738285
GDP per capita (current US$),NY.GDP.PCAP.CD,Botswana,BWA,2945.83204,3522.310821,7617.310041,7050.573472,7224.912737,7495.220866,6402.910183,6982.917492,7296.092142,7503.878588,7203.064221,6404.899932
GDP per capita (current US$),NY.GDP.PCAP.CD,Brazil,BRA,2622.262881,3749.910848,13245.38737,12370.22325,12300.38671,12112.83496,8813.989806,8710.06329,9928.675897,9151.381732,8897.552966,6796.844542
GDP per capita (current US$),NY.GDP.PCAP.CD,British Virgin Islands,VGB,,,,,,,,,,,,
GDP per capita (current US$),NY.GDP.PCAP.CD,Brunei Darussalam,BRN,13607.89027,18012.50219,47055.96064,47739.55769,44740.85942,41725.86752,31164.03625,27158.40565,28571.60829,31628.47626,31085.96193,27442.95383
GDP per capita (current US$),NY.GDP.PCAP.CD,Bulgaria,BGR,2366.529821,1621.242961,7849.165283,7432.478766,7681.93462,7901.785876,7074.681023,7569.478815,8366.293221,9446.700772,9879.268533,10079.20338
GDP per capita (current US$),NY.GDP.PCAP.CD,Burkina Faso,BFA,351.9792335,255.7186873,751.1727704,758.000427,787.4694383,792.8462374,653.3272681,688.2506963,734.996268,804.5005378,796.1152068,857.9327297
GDP per capita (current US$),NY.GDP.PCAP.CD,Burundi,BDI,208.1466789,136.4639708,249.5779794,252.3588707,256.9756526,274.8578362,305.5496525,260.5652208,253.8263541,238.783467,228.2135892,238.9907259
GDP per capita (current US$),NY.GDP.PCAP.CD,Cabo Verde,CPV,908.0881284,1259.353067,3740.374103,3447.4831,3616.03557,3588.625584,3043.031382,3130.998753,3289.902203,3616.464537,3603.775241,3064.272388
GDP per capita (current US$),NY.GDP.PCAP.CD,Cambodia,KHM,,300.613679,882.275614,950.880346,1013.420536,1093.495976,1162.904995,1269.591499,1385.260066,1512.126989,1643.121389,1543.669258
GDP per capita (current US$),NY.GDP.PCAP.CD,Cameroon,CMR,1045.364362,681.102043,1465.145788,1403.522915,1527.751257,1604.214035,1382.50979,1413.255957,1469.4475,1585.240534,1533.095688,1537.130218
GDP per capita (current US$),NY.GDP.PCAP.CD,Canada,CAN,21448.36196,24271.00206,52223.69611,52669.08996,52635.17496,50955.99832,43596.13554,42315.60371,45129.35644,46548.52036,46338.34096,43294.64816
GDP per capita (current US$),NY.GDP.PCAP.CD,Cayman Islands,CYM,,,72329.66133,72777.14849,73514.66868,74990.43322,76284.19393,78471.62873,81513.16302,86059.73922,91392.64259,85082.52686
GDP per capita (current US$),NY.GDP.PCAP.CD,Central African Republic,CAF,513.3041877,251.2072914,551.7497219,565.8012071,380.2979111,424.4491317,377.4229177,402.1916451,450.9006579,475.9538139,467.9080323,492.7958712
GDP per capita (current US$),NY.GDP.PCAP.CD,Chad,TCD,291.5533573,166.1757089,984.7361305,967.3529488,979.8117426,1020.287979,776.0197523,693.4497674,665.9488849,726.1510071,709.5400432,659.270045
GDP per capita (current US$),NY.GDP.PCAP.CD,Channel Islands,CHI,,43382.82685,,,,,,,,,,
GDP per capita (current US$),NY.GDP.PCAP.CD,Chile,CHL,2494.526796,5074.902616,14637.23344,15351.54074,15842.93648,14670.98891,13574.16924,13753.59215,14998.81706,15888.14436,14741.7144,13231.70421
GDP per capita (current US$),NY.GDP.PCAP.CD,China,CHN,317.884673,959.3724836,5614.352135,6300.615118,7020.338485,7636.116601,8016.431435,8094.363367,8816.986905,9905.342004,10143.83817,10434.77519
GDP per capita (current US$),NY.GDP.PCAP.CD,Colombia,COL,1445.32863,2520.481089,7335.166934,8050.255372,8218.347844,8114.343921,6175.87603,5870.777957,6376.706716,6729.583332,6424.979492,5334.556042
GDP per capita (current US$),NY.GDP.PCAP.CD,Comoros,COM,1043.790659,647.4258118,1447.945144,1403.360252,1505.337292,1513.830379,1242.585608,1273.050952,1323.814843,1428.290463,1401.542312,1420.661747
GDP per capita (current US$),NY.GDP.PCAP.CD,"Congo, Dem. Rep.",COD,270.1305434,405.2162186,387.082477,424.6003738,457.9637475,486.7870951,497.3170391,471.3188225,467.0742317,560.8073582,580.7168706,543.9503925
GDP per capita (current US$),NY.GDP.PCAP.CD,"Congo, Rep.",COG,1187.549772,1032.137542,3557.55617,3923.093509,3883.746848,3776.485568,2447.539308,2050.993415,2169.991504,2606.615331,2369.729494,1846.131297
GDP per capita (current US$),NY.GDP.PCAP.CD,Costa Rica,CRI,1831.000151,3789.053886,9229.834517,10075.00462,10744.09102,10847.16967,11642.77805,12011.22275,12225.57449,12485.4239,12693.82796,12140.85415
GDP per capita (current US$),NY.GDP.PCAP.CD,Cote d'Ivoire,CIV,905.3220195,1007.46739,1744.938897,1684.781586,1935.946845,2156.645883,1972.545683,2013.381448,2111.026557,2314.050958,2276.332394,2325.723705
GDP per capita (current US$),NY.GDP.PCAP.CD,Croatia,HRV,,4887.713716,14757.18034,13401.65662,13837.73164,13762.37286,11933.37738,12527.73986,13629.28959,15227.5601,15311.7669,14134.16268
GDP per capita (current US$),NY.GDP.PCAP.CD,Cuba,CUB,2703.168294,2747.100303,6139.718783,6497.314764,6837.71168,7133.337679,7694.014637,8060.796598,8541.213686,8824.194008,9125.878679,9477.852873
GDP per capita (current US$),NY.GDP.PCAP.CD,Curacao,CUW,,,20146.38641,20587.39736,20462.71795,20258.00969,19951.3279,19555.36585,19457.53152,19630.89349,19701.27038,16745.72431
GDP per capita (current US$),NY.GDP.PCAP.CD,Cyprus,CYP,9641.575273,14388.34806,32396.38574,28912.15694,27729.1927,27163.33297,23408.33668,24605.92083,26608.87509,29334.11093,29206.07672,27527.84531
GDP per capita (current US$),NY.GDP.PCAP.CD,Czech Republic,CZE,3941.503094,6029.038193,21871.26608,19870.80121,20133.16914,19890.91991,17829.69832,18575.23203,20636.19995,23419.73561,23660.14881,22931.2746
GDP per capita (current US$),NY.GDP.PCAP.CD,Denmark,DNK,26891.44645,30743.54768,61753.64713,58507.50805,61191.1937,62548.98473,53254.85637,54663.99837,57610.09818,61591.92887,59775.7351,61063.31643
GDP per capita (current US$),NY.GDP.PCAP.CD,Djibouti,DJI,766.1474429,768.1835703,1451.548081,1559.240651,2312.720948,2464.294905,2658.949245,2802.166204,2914.358197,3141.861711,3414.916178,3425.484176
GDP per capita (current US$),NY.GDP.PCAP.CD,Dominica,DMA,2860.322479,4787.801441,7065.460372,6849.455933,7016.380071,7317.486143,7597.288894,8080.968623,7274.517731,7687.462963,8516.280039,7003.859021
GDP per capita (current US$),NY.GDP.PCAP.CD,Dominican Republic,DOM,991.6148411,2869.178139,5913.426649,6110.366576,6238.132367,6608.825501,6921.520594,7280.88361,7609.353275,8050.644076,8282.117131,7268.19691
GDP per capita (current US$),NY.GDP.PCAP.CD,Ecuador,ECU,1489.529946,1445.279324,5200.555108,5682.046108,6056.331213,6377.093929,6124.490887,6060.092962,6213.503127,6295.934662,6222.524653,5600.389615
GDP per capita (current US$),NY.GDP.PCAP.CD,"Egypt, Arab Rep.",EGY,765.6420055,1450.476242,2791.810766,3229.68563,3262.657586,3379.557986,3562.932658,3519.87324,2444.290387,2537.125185,3019.092283,3569.206841
GDP per capita (current US$),NY.GDP.PCAP.CD,El Salvador,SLV,914.1317947,2001.540049,3266.010978,3428.409332,3509.526536,3589.042885,3705.579704,3805.995686,3910.254403,4052.624775,4167.730939,3798.636521
GDP per capita (current US$),NY.GDP.PCAP.CD,Equatorial Guinea,GNQ,267.4680729,1725.557584,21641.6939,21711.15159,20390.73727,19394.08066,11283.39805,9250.316493,9667.857801,10005.61679,8419.933336,7143.238705
GDP per capita (current US$),NY.GDP.PCAP.CD,Eritrea,ERI,,308.1341868,642.5082588,,,,,,,,,
GDP per capita (current US$),NY.GDP.PCAP.CD,Estonia,EST,,4070.609024,17464.92008,17404.2008,19050.58592,20234.11742,17395.04062,18282.92339,20387.28315,23052.30126,23397.12001,23027.027
GDP per capita (current US$),NY.GDP.PCAP.CD,Eswatini,SWZ,1355.389001,1728.710498,4496.613361,4527.565039,4230.171266,4039.159341,3680.349473,3425.531957,3914.418484,4105.893683,3915.643467,3424.282212
GDP per capita (current US$),NY.GDP.PCAP.CD,Ethiopia,ETH,254.2432622,124.4607909,354.4795719,467.0778718,499.5315302,566.9264029,640.5419231,717.1248698,768.5230154,771.5248663,855.7608852,936.3404611
GDP per capita (current US$),NY.GDP.PCAP.CD,Faroe Islands,FRO,,22651.86198,52092.60338,49459.71723,54843.31929,59433.83457,52400.29728,56854.10265,59993.09063,62918.14619,64225.2649,
GDP per capita (current US$),NY.GDP.PCAP.CD,Fiji,FJI,1835.123058,2069.317455,4371.447385,4591.577015,4840.72727,5605.609148,5390.714207,5651.272721,6101.02389,6317.41372,6175.890653,5057.631913
GDP per capita (current US$),NY.GDP.PCAP.CD,Finland,FIN,28364.64508,24285.46682,51081.99767,47710.79022,49878.04324,50260.29986,42784.69836,43784.28396,46297.49635,49964.49991,48628.64176,48744.98813
GDP per capita (current US$),NY.GDP.PCAP.CD,France,FRA,21793.83554,22364.02939,43790.72602,40874.70039,42592.93539,43011.2631,36638.18493,37037.37419,38685.25849,41572.48501,40578.64429,39030.36037
GDP per capita (current US$),NY.GDP.PCAP.CD,French Polynesia,PYF,15913.51087,14324.11866,,,,,,,,,,
GDP per capita (current US$),NY.GDP.PCAP.CD,Gabon,GAB,6268.918008,4135.99238,10809.68495,9813.505747,9683.58162,9663.42411,7384.700704,6984.419712,7230.434912,7959.007267,7766.996554,6881.715192
GDP per capita (current US$),NY.GDP.PCAP.CD,"Gambia, The",GMB,331.8177403,594.1493885,762.7631177,742.7776286,700.5160422,607.4299047,660.7235712,690.7804932,679.7550717,732.7207273,772.0459142,773.0020701
GDP per capita (current US$),NY.GDP.PCAP.CD,Georgia,GEO,1614.648226,749.908535,4021.743306,4421.818242,4623.745725,4739.188338,4014.185944,4062.169888,4357.000936,4722.787783,4697.983652,4266.690795
GDP per capita (current US$),NY.GDP.PCAP.CD,Germany,DEU,22303.96133,23635.92922,46644.77603,43858.36306,46285.76407,47959.99327,41086.72967,42107.51727,44542.2952,47950.18081,46794.89929,46208.42947
GDP per capita (current US$),NY.GDP.PCAP.CD,Ghana,GHA,398.6370811,258.4710399,1549.462719,1587.560932,2361.090324,2012.264247,1774.074771,1971.956935,2074.290733,2260.860567,2246.625578,2205.529016
GDP per capita (current US$),NY.GDP.PCAP.CD,Gibraltar,GIB,,,,,,,,,,,,
GDP per capita (current US$),NY.GDP.PCAP.CD,Greece,GRC,9600.185235,12042.95371,25450.53412,21914.25173,21781.59535,21587.95755,18076.60676,17911.79938,18536.19072,19747.34258,19133.75776,17622.541
GDP per capita (current US$),NY.GDP.PCAP.CD,Greenland,GRL,18326.80512,19004.10729,47186.98147,45936.76595,47535.58995,50484.92757,44536.40131,48181.87419,50765.69565,54270.82231,53041.30331,
GDP per capita (current US$),NY.GDP.PCAP.CD,Grenada,GRD,2886.998204,5056.977259,7291.74167,7444.089075,7789.632355,8370.040472,9096.538652,9628.259169,10152.83281,10466.88221,10827.43529,9261.551876
GDP per capita (current US$),NY.GDP.PCAP.CD,Guam,GUM,,,31210.47029,32908.30677,33656.45357,34843.20557,35829.25036,36214.00692,36601.91988,36556.67491,38040.58699,34624.34013
GDP per capita (current US$),NY.GDP.PCAP.CD,Guatemala,GTM,845.3069621,1664.298958,3228.045741,3355.036919,3522.773706,3779.642336,3994.636913,4173.301666,4454.04815,4478.424646,4638.634943,4603.339617
GDP per capita (current US$),NY.GDP.PCAP.CD,Guinea,GIN,419.8098708,363.4822793,651.1361134,717.0505359,769.0031667,787.2385644,769.2554754,732.2915119,855.5752706,955.1112811,1058.143368,1194.037865
GDP per capita (current US$),NY.GDP.PCAP.CD,Guinea-Bissau,GNB,250.149442,308.9103184,703.6605673,616.375664,634.6620391,623.3130914,603.3993815,661.4578387,738.5499449,802.7673851,749.453747,727.5201717
GDP per capita (current US$),NY.GDP.PCAP.CD,Guyana,GUY,533.5383588,954.4003181,4908.566448,5378.810878,5489.140726,5407.147366,5576.825852,5811.397924,6124.95367,6145.819277,6609.51128,6955.939217
GDP per capita (current US$),NY.GDP.PCAP.CD,Haiti,HTI,439.944188,805.0256325,1287.95465,1337.335946,1432.837618,1435.13647,1386.854191,1290.380508,1369.063734,1479.345827,1312.770636,1272.367992
GDP per capita (current US$),NY.GDP.PCAP.CD,Honduras,HND,993.4832532,1080.510472,2073.90437,2129.521439,2088.097206,2190.653139,2286.203037,2326.297278,2436.671636,2492.868968,2556.456891,2389.012431
GDP per capita (current US$),NY.GDP.PCAP.CD,"Hong Kong SAR, China",HKG,13485.54489,25756.66378,35142.48793,36730.8767,38403.77771,40315.28556,42431.88828,43731.10682,46165.85651,48542.68187,48354.47337,46323.86344
GDP per capita (current US$),NY.GDP.PCAP.CD,Hungary,HUN,,4624.281657,14240.2575,12989.18028,13719.95054,14298.83367,12720.71202,13107.37791,14623.69665,16427.37276,16735.65978,15980.74089
GDP per capita (current US$),NY.GDP.PCAP.CD,Iceland,ISL,25384.91475,32096.37226,47714.59223,45995.54788,49804.983,54576.74481,52951.68151,61987.92636,72010.14903,74469.80406,68941.46223,59270.18005
GDP per capita (current US$),NY.GDP.PCAP.CD,India,IND,367.5566089,443.3141938,1458.104066,1443.882435,1449.610451,1573.885642,1605.605445,1732.554242,1980.66702,1996.915087,2100.751461,1927.707823
GDP per capita (current US$),NY.GDP.PCAP.CD,Indonesia,IDN,585.0765629,780.1902047,3643.047176,3694.35934,3623.927241,3491.637491,3331.695115,3562.816334,3837.578024,3893.859578,4135.201531,3869.588427
GDP per capita (current US$),NY.GDP.PCAP.CD,"Iran, Islamic Rep.",IRN,2214.327688,1670.009674,7781.405801,7927.844908,6018.3229,5585.525604,4904.327315,5253.42656,5520.314782,3598.483454,3114.622753,2422.480657
GDP per capita (current US$),NY.GDP.PCAP.CD,Iraq,IRQ,10356.90305,2058.264401,6045.494567,6836.073995,7076.552265,6637.684375,4688.318017,4550.658638,4985.452879,5915.850854,5980.626918,4145.862936
GDP per capita (current US$),NY.GDP.PCAP.CD,Ireland,IRL,14031.30257,26269.18162,52108.83323,49028.82739,51518.3881,55525.89725,61987.551,62818.96636,69601.68388,79068.97461,80886.61574,85267.76474
GDP per capita (current US$),NY.GDP.PCAP.CD,Isle of Man,IMN,,20322.68202,77349.22524,79148.33225,83357.13268,92334.64631,85126.97047,82197.12677,83477.83429,89112.66772,86481.55259,
GDP per capita (current US$),NY.GDP.PCAP.CD,Israel,ISR,,21061.48228,33775.512,32667.60687,36499.45611,37847.64994,35808.43643,37330.2618,40774.12961,42063.45313,43951.24773,44168.94364
GDP per capita (current US$),NY.GDP.PCAP.CD,Italy,ITA,20825.78422,20087.59199,38599.06221,35053.52624,35549.9747,35518.41529,30230.2263,30939.71425,32326.67421,34605.26273,33641.63375,31714.22095
GDP per capita (current US$),NY.GDP.PCAP.CD,Jamaica,JAM,1897.690884,3392.123878,5111.465987,5209.859264,4989.734089,4834.284009,4907.927415,4843.7499,5070.099503,5359.993789,5369.498371,4664.530242
GDP per capita (current US$),NY.GDP.PCAP.CD,Japan,JPN,25371.46417,39169.35957,48760.07895,49145.28043,40898.6479,38475.39525,34960.63938,39400.73936,38891.08627,39808.16856,40777.6087,40193.25244
GDP per capita (current US$),NY.GDP.PCAP.CD,Jordan,JOR,1166.61093,1651.621798,3852.890025,3910.346894,4044.426869,4131.44735,4164.108769,4175.356602,4231.51828,4308.151074,4405.487109,4282.765825
GDP per capita (current US$),NY.GDP.PCAP.CD,Kazakhstan,KAZ,1647.463243,1229.001247,11634.0012,12386.69927,13890.63096,12807.26069,10510.77189,7714.841844,9247.581331,9812.626371,9812.595808,9122.23343
GDP per capita (current US$),NY.GDP.PCAP.CD,Kenya,KEN,361.3282651,397.4826588,1085.487152,1271.815383,1354.820833,1462.220052,1464.554009,1525.235192,1633.491216,1794.091175,1912.647867,1878.580703
GDP per capita (current US$),NY.GDP.PCAP.CD,Kiribati,KIR,549.9010785,796.8032036,1734.903839,1788.691439,1715.814321,1642.820129,1542.616465,1584.738015,1640.571205,1727.845001,1601.861869,1653.540297
GDP per capita (current US$),NY.GDP.PCAP.CD,"Korea, Dem. People's Rep.",PRK,,,,,,,,,,,,
GDP per capita (current US$),NY.GDP.PCAP.CD,"Korea, Rep.",KOR,6610.036508,12256.99357,25096.26388,25466.76052,27182.73431,29249.57522,28732.23108,29288.87044,31616.8434,33422.94421,31936.79635,31631.46945
GDP per capita (current US$),NY.GDP.PCAP.CD,Kosovo,XKX,,,3540.891789,3410.85978,3704.784221,3902.676013,3520.766449,3759.560246,4009.380987,4384.048892,4416.108358,4346.637931
GDP per capita (current US$),NY.GDP.PCAP.CD,Kuwait,KWT,8794.606046,18440.37852,48631.7834,51979.12069,49388.05338,44062.34091,29869.55275,27653.15762,29759.46747,33399.06044,32373.25112,24811.76971
GDP per capita (current US$),NY.GDP.PCAP.CD,Kyrgyz Republic,KGZ,609.1728912,279.6195693,1123.883168,1177.974735,1282.437162,1279.769783,1121.082835,1120.666513,1242.769643,1308.140165,1374.032105,1173.611304
GDP per capita (current US$),NY.GDP.PCAP.CD,Lao PDR,LAO,203.2560175,325.1869371,1378.498492,1581.62871,1831.936916,1999.958203,2140.044323,2324.400917,2455.211559,2569.093892,2635.800015,2629.714583
GDP per capita (current US$),NY.GDP.PCAP.CD,Latvia,LVA,,3361.640869,13338.96224,13847.33794,15007.49186,15721.45233,13780.91355,14322.02268,15656.34749,17856.30712,17926.84159,17726.25294
GDP per capita (current US$),NY.GDP.PCAP.CD,Lebanon,LBN,1012.648216,4491.641934,7675.30894,7952.151266,7933.23332,7687.759336,7663.920232,7653.73363,7819.60467,8058.444337,7578.172368,4649.547646
GDP per capita (current US$),NY.GDP.PCAP.CD,Lesotho,LSO,350.0587845,436.4881373,1287.269536,1229.636232,1166.911756,1194.575627,1146.064688,1018.931093,1102.94441,1192.48432,1113.37214,875.353433
GDP per capita (current US$),NY.GDP.PCAP.CD,Liberia,LBR,,306.8338642,596.8966353,675.0101918,747.8686601,739.911935,721.5810505,740.914906,721.085044,710.2659984,672.3404992,632.9363856
GDP per capita (current US$),NY.GDP.PCAP.CD,Libya,LBY,6514.318567,7142.771786,5554.180053,13025.27932,10363.80425,6466.908237,4337.919139,4035.196802,5756.699325,7877.12461,7685.948132,3699.294765
GDP per capita (current US$),NY.GDP.PCAP.CD,Liechtenstein,LIE,49373.61027,74853.93873,158130.4575,149010.2249,173030.2083,178864.8519,167313.2663,165642.3863,171253.9643,180366.7152,175813.8756,
GDP per capita (current US$),NY.GDP.PCAP.CD,Lithuania,LTU,,3293.229979,14376.94786,14367.70942,15729.65247,16551.0182,14258.22933,14998.12506,16843.69965,19176.81215,19575.76848,20233.64135
GDP per capita (current US$),NY.GDP.PCAP.CD,Luxembourg,LUX,33465.47821,48538.7829,118869.2999,112591.1162,119966.0349,123514.1967,105419.6085,106826.7264,109921.0314,117197.4817,113218.7133,116014.6025
GDP per capita (current US$),NY.GDP.PCAP.CD,"Macao SAR, China",MAC,9442.486665,15835.99101,66891.28197,76572.15179,89260.7571,93022.87514,74818.94813,73545.75824,81019.47377,87526.07999,86197.36569,39403.13591
GDP per capita (current US$),NY.GDP.PCAP.CD,Madagascar,MDG,338.9477127,293.6071574,531.2654321,518.1528127,541.0659437,530.8610389,467.2354316,475.9555568,515.2933234,523.9459714,522.9895243,471.4914963
GDP per capita (current US$),NY.GDP.PCAP.CD,Malawi,MWI,199.9863636,156.3858168,534.9510502,391.5617052,348.4298737,371.2695217,380.5969877,315.7779871,506.1372944,544.5934354,591.8463896,636.8205368
GDP per capita (current US$),NY.GDP.PCAP.CD,Malaysia,MYS,2441.741991,4043.662923,10399.37021,10817.43171,10970.1043,11319.06194,9955.242722,9817.78709,10259.30481,11380.08209,11432.823,10412.34898
GDP per capita (current US$),NY.GDP.PCAP.CD,Maldives,MDV,963.6356582,2234.595861,7291.465967,7265.723399,7928.476443,8499.307148,9033.41027,9209.443564,9577.346946,10279.07998,10561.61351,6924.105745
GDP per capita (current US$),NY.GDP.PCAP.CD,Mali,MLI,317.3948274,270.542236,837.605821,778.6252695,805.0339796,848.279043,751.4728866,780.7235695,830.0215153,894.8047765,879.0431873,862.4530188
GDP per capita (current US$),NY.GDP.PCAP.CD,Malta,MLT,7191.923603,10432.32812,23155.55479,22527.63676,24771.07658,26754.26845,24921.60368,25741.44606,28250.69777,30672.29224,30186.19596,27884.64283
GDP per capita (current US$),NY.GDP.PCAP.CD,Marshall Islands,MHL,1660.340633,2272.678016,3046.290071,3181.6247,3246.63025,3185.261354,3199.886846,3490.998389,3672.576783,3793.550983,4073.10983,4129.850998
GDP per capita (current US$),NY.GDP.PCAP.CD,Mauritania,MRT,740.7361713,676.5690224,1879.772472,1815.218939,1892.094,1677.109019,1524.071753,1536.854888,1587.611263,1670.204165,1743.302901,1701.991163
GDP per capita (current US$),NY.GDP.PCAP.CD,Mauritius,MUS,2506.179312,3929.075495,9197.026972,9291.227619,9637.00265,10153.93822,9260.447303,9681.618567,10484.90836,11208.34382,11097.16898,8627.843157
GDP per capita (current US$),NY.GDP.PCAP.CD,Mexico,MEX,3112.268595,7157.8145,10203.4213,10241.72783,10725.18359,10928.91601,9616.645558,8744.515559,9287.849587,9686.984927,9950.45008,8329.271313
GDP per capita (current US$),NY.GDP.PCAP.CD,"Micronesia, Fed. Sts.",FSM,1528.493105,2171.889577,3009.256825,3131.386715,2994.792394,2971.512602,2906.617012,3014.700358,3289.642117,3568.291016,3585.392449,3565.293294
GDP per capita (current US$),NY.GDP.PCAP.CD,Moldova,MDA,,440.6720307,2942.255949,3045.739874,3322.038436,3328.801449,2732.457113,2880.439281,3509.69345,4230.363037,4491.688827,4547.059721
GDP per capita (current US$),NY.GDP.PCAP.CD,Monaco,MCO,84303.87843,82365.49236,169016.1961,157520.2194,177673.7454,189432.37,165989.5051,170028.6557,167517.0597,185978.6093,189487.1471,173688.1894
GDP per capita (current US$),NY.GDP.PCAP.CD,Mongolia,MNG,1172.446287,474.2170943,3757.565415,4351.888461,4366.089537,4158.521471,3875.321675,3658.3903,3687.100003,4156.84697,4404.84583,4060.950518
GDP per capita (current US$),NY.GDP.PCAP.CD,Montenegro,MNE,,1627.072633,7328.932252,6586.721279,7186.429787,7378.345289,6514.272695,7028.936577,7784.06529,8845.914219,8910.650834,7677.152226
GDP per capita (current US$),NY.GDP.PCAP.CD,Morocco,MAR,1206.011886,1334.943464,3046.947854,2912.658275,3121.680081,3171.699192,2875.257985,2896.722196,3035.454433,3226.982794,3235.00066,3058.691689
GDP per capita (current US$),NY.GDP.PCAP.CD,Mozambique,MOZ,,319.3596208,594.5861471,657.6446765,664.0775104,673.969212,589.85905,428.9266729,461.4150941,503.3179252,506.6416391,448.5442807
GDP per capita (current US$),NY.GDP.PCAP.CD,Myanmar,MMR,49.26489079,146.6045788,1061.344429,1134.302224,1168.1654,1210.097636,1196.743357,1136.610665,1151.114462,1250.173691,1271.111575,1467.604281
GDP per capita (current US$),NY.GDP.PCAP.CD,Namibia,NAM,1947.062911,2185.604115,5806.748246,5942.29274,5392.094938,5469.9014,4896.61526,4546.986688,5367.114674,5588.392864,5009.685904,4179.278066
GDP per capita (current US$),NY.GDP.PCAP.CD,Nauru,NRU,,,6560.27487,9562.667866,9648.495655,10171.48073,8341.012278,9521.042101,10339.38548,11614.66508,11029.73558,10580.26819
GDP per capita (current US$),NY.GDP.PCAP.CD,Nepal,NPL,191.8788839,229.4903926,799.5833769,804.1416073,823.3598746,844.8531248,901.7496077,899.523581,1048.453755,1178.525932,1194.956876,1155.142854
GDP per capita (current US$),NY.GDP.PCAP.CD,Netherlands,NLD,21290.86038,26149.41108,54159.34661,50073.00566,52184.06185,52830.17423,45175.23189,46007.85292,48554.99228,53018.62936,52476.27325,52397.11671
GDP per capita (current US$),NY.GDP.PCAP.CD,New Caledonia,NCL,14800.79125,16039.16917,40697.65294,37294.02281,38503.25385,39675.56631,32520.29416,32391.19722,33976.55555,36382.48766,34788.52928,
GDP per capita (current US$),NY.GDP.PCAP.CD,New Zealand,NZL,13663.02162,13641.10272,38387.62708,39973.38076,42976.64959,44572.89875,38630.72659,40080.49411,42992.89527,43306.07,42755.21626,41441.46667
GDP per capita (current US$),NY.GDP.PCAP.CD,Nicaragua,NIC,241.8764121,1007.499839,1655.802946,1760.460308,1811.636803,1934.062922,2049.851666,2107.57406,2159.156714,2014.575189,1926.699694,1905.261152
GDP per capita (current US$),NY.GDP.PCAP.CD,Niger,NER,437.589995,197.8326834,512.595335,529.7444581,552.569139,564.5967488,484.1531374,500.2149113,517.7715723,570.723922,554.0993893,567.6698923
GDP per capita (current US$),NY.GDP.PCAP.CD,Nigeria,NGA,567.528649,567.9307221,2487.598017,2723.822191,2961.549422,3098.985791,2687.480056,2176.002772,1968.565398,2027.778549,2229.858652,2097.092473
GDP per capita (current US$),NY.GDP.PCAP.CD,North Macedonia,MKD,2354.275256,1861.898065,5098.097583,4728.308142,5241.058345,5495.735049,4861.553971,5149.589074,5450.492881,6108.740108,6070.388054,5917.262575
GDP per capita (current US$),NY.GDP.PCAP.CD,Northern Mariana Islands,MNP,,,13496.75078,13736.97197,14091.19118,15044.9359,16314.38355,21891.18479,27584.74351,22886.67405,20659.64029,
GDP per capita (current US$),NY.GDP.PCAP.CD,Norway,NOR,28242.94374,38131.46061,100600.5624,101524.1419,102913.4508,97019.18275,74355.51586,70460.56053,75496.75406,82267.80932,75719.7529,67329.67779
GDP per capita (current US$),NY.GDP.PCAP.CD,Oman,OMN,6448.13836,8601.271944,23837.31094,24988.01259,23888.62658,23017.93398,18444.927,16772.73921,17329.18546,18947.3665,17700.70349,14485.38612
GDP per capita (current US$),NY.GDP.PCAP.CD,Pakistan,PAK,371.6785676,576.1955804,1164.978823,1198.117637,1208.91771,1251.175719,1356.667831,1368.426961,1464.926195,1482.213067,1288.556325,1188.859757
GDP per capita (current US$),NY.GDP.PCAP.CD,Palau,PLW,,7657.951214,11094.83322,12044.10547,12561.33614,13711.7617,15876.46193,16835.986,16019.98989,15895.2599,15232.48708,14243.86469
GDP per capita (current US$),NY.GDP.PCAP.CD,Panama,PAN,2603.847676,4060.317793,9358.26813,10722.26147,11889.09507,12796.07403,13630.30114,14343.98026,15146.40851,15544.99908,15774.25494,12509.83529
GDP per capita (current US$),NY.GDP.PCAP.CD,Papua New Guinea,PNG,697.5389685,602.1864903,2406.910967,2790.676303,2729.888751,2920.782986,2679.346579,2509.629637,2695.249009,2801.371393,2820.306397,2757.21753
GDP per capita (current US$),NY.GDP.PCAP.CD,Paraguay,PRY,1376.165325,1663.604939,5329.387437,5185.141549,5936.975959,6118.31811,5413.776021,5324.609068,5678.869972,5782.78455,5380.963322,5001.07276
GDP per capita (current US$),NY.GDP.PCAP.CD,Peru,PER,1196.586858,1955.588006,5869.323882,6528.971775,6756.752996,6672.877373,6229.100674,6204.996457,6710.507602,6957.793411,7027.612207,6126.87454
GDP per capita (current US$),NY.GDP.PCAP.CD,Philippines,PHL,816.0295457,1072.801752,2450.735694,2694.305109,2871.429701,2959.645435,3001.043182,3073.654686,3123.245642,3252.110274,3485.340844,3298.829586
GDP per capita (current US$),NY.GDP.PCAP.CD,Poland,POL,1731.209531,4501.454067,13879.56099,13097.27085,13696.4663,14271.30585,12578.49547,12447.43959,13864.68176,15468.48222,15732.20313,15720.99466
GDP per capita (current US$),NY.GDP.PCAP.CD,Portugal,PRT,7884.617988,11497.75346,23186.91313,20564.88986,21647.04181,22074.30076,19242.36647,19978.40121,21437.3475,23551.04829,23330.81729,22176.29671
GDP per capita (current US$),NY.GDP.PCAP.CD,Puerto Rico,PRI,8652.507492,16192.12697,27278.88305,27944.73389,28513.16574,28981.45733,29763.4883,30627.1634,31108.76057,31604.70151,32850.54861,32290.92114
GDP per capita (current US$),NY.GDP.PCAP.CD,Qatar,QAT,15454.17967,29976.16763,82409.94165,85075.98654,85050.68434,83858.34046,63039.11263,57162.96801,59124.86727,65907.94844,62276.42869,50124.38594
GDP per capita (current US$),NY.GDP.PCAP.CD,Romania,ROU,1680.705623,1659.90764,9099.217539,8507.104775,9547.852151,10043.67745,8969.148921,9548.587403,10807.00917,12398.98198,12899.34611,12896.08862
GDP per capita (current US$),NY.GDP.PCAP.CD,Russian Federation,RUS,3492.710314,1771.594059,14311.08432,15420.87454,15974.64463,14095.64874,9313.013625,8704.898413,10720.33266,11287.35528,11497.64925,10126.72179
GDP per capita (current US$),NY.GDP.PCAP.CD,Rwanda,RWA,349.8733096,260.6011858,668.4946722,725.1697703,722.8943285,743.559038,751.0773926,744.7607488,772.3169891,783.6371628,820.1492886,797.8555207
GDP per capita (current US$),NY.GDP.PCAP.CD,Samoa,WSM,772.5343204,1542.066736,3932.105847,4020.959844,4037.813829,3937.186246,4071.926959,4109.663228,4258.978767,4187.504729,4322.868457,4067.843459
GDP per capita (current US$),NY.GDP.PCAP.CD,San Marino,SMR,,36604.49338,57297.51331,49988.46363,51570.98395,50817.33082,42662.90265,43828.23246,45399.02906,48996.59225,47731.20854,
GDP per capita (current US$),NY.GDP.PCAP.CD,Sao Tome and Principe,STP,,,1254.541598,1330.620114,1564.768548,1770.467688,1584.775657,1700.097997,1813.807434,1953.513257,1987.579702,2157.840446
GDP per capita (current US$),NY.GDP.PCAP.CD,Saudi Arabia,SAU,7246.01592,9171.331476,23745.88058,25243.602,24845.12466,24464.21256,20627.92693,19878.76384,20802.46631,23337.01755,23139.79798,20110.31619
GDP per capita (current US$),NY.GDP.PCAP.CD,Senegal,SEN,982.0178763,613.7323845,1366.774501,1317.779802,1372.665779,1396.657339,1219.249415,1269.903294,1361.701972,1458.069093,1430.148259,1471.830962
GDP per capita (current US$),NY.GDP.PCAP.CD,Serbia,SRB,,914.7857199,6809.159804,6015.945228,6755.073675,6600.056809,5588.980728,5765.200762,6292.543629,7252.401858,7417.203649,7720.510572
GDP per capita (current US$),NY.GDP.PCAP.CD,Seychelles,SYC,5302.843727,7578.851053,12189.09516,12006.68296,14765.67398,14700.33434,14745.34146,15068.62035,15945.26493,15994.81986,16213.48076,10764.42042
GDP per capita (current US$),NY.GDP.PCAP.CD,Sierra Leone,SLE,150.3889975,138.6987225,448.3376621,566.3782351,716.8358269,714.6997957,588.2288628,501.4151655,496.6822949,533.9915333,521.7548367,509.376594
GDP per capita (current US$),NY.GDP.PCAP.CD,Singapore,SGP,11861.75616,23852.32703,53890.42873,55546.48854,56967.42579,57562.53079,55646.61875,56848.17539,61176.45636,66679.04649,65640.70795,59797.75218
GDP per capita (current US$),NY.GDP.PCAP.CD,Sint Maarten (Dutch part),SXM,,,27997.28983,28460.33262,27942.88054,33043.68838,32274.89055,31616.6817,29369.05683,29160.10381,,
GDP per capita (current US$),NY.GDP.PCAP.CD,Slovak Republic,SVK,2405.53516,5413.150621,18406.01196,17430.82675,18203.24249,18630.97598,16335.6454,16501.08385,17494.72879,19380.51351,19303.54566,19266.51357
GDP per capita (current US$),NY.GDP.PCAP.CD,Slovenia,SVN,,10201.30354,25095.13229,22643.10025,23496.6025,24214.92207,20881.76693,21663.64341,23455.94473,26104.10279,25942.95477,25517.33067
GDP per capita (current US$),NY.GDP.PCAP.CD,Solomon Islands,SLB,688.5191142,1017.613757,1938.891187,2141.821522,2248.614935,2274.887866,2167.119928,2225.486842,2332.844216,2411.862926,2344.048976,2250.601164
GDP per capita (current US$),NY.GDP.PCAP.CD,Somalia,SOM,126.9249732,,,,350.1681618,374.1147807,386.437817,389.8220615,384.4634014,389.8313955,419.3948077,438.2551656
GDP per capita (current US$),NY.GDP.PCAP.CD,South Africa,ZAF,3139.966225,3374.718423,8810.930651,8222.197279,7467.079185,6988.808739,6259.839681,5756.965741,6690.939847,7005.095413,6624.761865,5655.867654
GDP per capita (current US$),NY.GDP.PCAP.CD,South Sudan,SSD,,,1516.404378,1179.739711,1779.470365,1322.820364,1119.651437,,,,,
GDP per capita (current US$),NY.GDP.PCAP.CD,Spain,ESP,13804.87679,14713.06571,31636.44631,28324.42934,29059.54795,29461.55033,25732.01836,26505.34322,28100.58624,30349.7521,29555.3157,27063.19392
GDP per capita (current US$),NY.GDP.PCAP.CD,Sri Lanka,LKA,463.6187388,869.696285,3200.861132,3350.521876,3610.289363,3819.25353,3843.780672,3886.291502,4077.043841,4059.20823,3852.265603,3680.673477
GDP per capita (current US$),NY.GDP.PCAP.CD,St. Kitts and Nevis,KNA,5396.40485,9565.949909,16539.76901,16046.48694,16685.94759,18051.17903,18028.97343,19541.12783,20384.74788,20567.49911,22046.68991,18437.74892
GDP per capita (current US$),NY.GDP.PCAP.CD,St. Lucia,LCA,4199.636497,5950.047485,8983.743733,9086.387955,9378.985047,9843.308534,10093.61802,10362.35166,11034.62985,11353.71521,11591.08048,8804.561048
GDP per capita (current US$),NY.GDP.PCAP.CD,St. Martin (French part),MAF,,,,,,,,,,,,
GDP per capita (current US$),NY.GDP.PCAP.CD,St. Vincent and the Grenadines,VCT,2236.197812,3676.352092,6242.252962,6390.310632,6639.484897,6684.377547,6921.702479,7074.548765,7213.025857,7361.400962,7460.153362,7278.016297
GDP per capita (current US$),NY.GDP.PCAP.CD,Sudan,SDN,483.9526109,366.172742,1366.410905,1039.762051,1160.535552,1303.838955,1329.635962,1069.839957,1011.521216,740.746767,610.9278615,486.4188163
GDP per capita (current US$),NY.GDP.PCAP.CD,Suriname,SUR,958.6123321,2012.281651,8263.203803,9200.974786,9402.164419,9471.922001,9168.237157,5872.789429,6295.560562,6938.086981,6853.693411,4916.605666
GDP per capita (current US$),NY.GDP.PCAP.CD,Sweden,SWE,30593.67244,29624.91267,60755.75955,58037.82132,61126.9432,60020.36046,51545.48361,51965.15715,53791.50873,54589.06039,51939.42974,52274.40879
GDP per capita (current US$),NY.GDP.PCAP.CD,Switzerland,CHE,39607.81909,38952.0342,91254.03476,86547.67089,88109.48675,89684.70758,84776.14217,83073.28008,83352.08865,86388.40495,85334.51946,87097.03645
GDP per capita (current US$),NY.GDP.PCAP.CD,Syrian Arab Republic,SYR,1920.631225,4910.777748,3050.754453,2094.408097,1039.17531,1135.125244,916.3580331,707.5052667,942.5189159,1268.235849,1334.370593,
GDP per capita (current US$),NY.GDP.PCAP.CD,Tajikistan,TJK,497.6324574,138.4291467,847.3824321,969.2961039,1048.225602,1104.172358,978.4049812,807.1025861,848.6723799,853.2188734,890.5444024,859.1379611
GDP per capita (current US$),NY.GDP.PCAP.CD,Tanzania,TZA,173.7906179,410.9523655,781.4338957,867.8574989,970.3996014,1030.077648,947.9333517,966.5030166,1004.906588,1042.838756,1085.88486,1076.469706
GDP per capita (current US$),NY.GDP.PCAP.CD,Thailand,THA,1508.94247,2007.735271,5492.1215,5860.581471,6168.261356,5951.883487,5840.053067,5993.305516,6593.818352,7296.879608,7817.009671,7186.874092
GDP per capita (current US$),NY.GDP.PCAP.CD,Timor-Leste,TLS,,415.0859486,936.4485956,1024.172508,1210.035655,1232.450336,1332.791856,1353.754934,1299.494635,1249.138351,1583.713576,1442.730738
GDP per capita (current US$),NY.GDP.PCAP.CD,Togo,TGO,431.4503884,302.958592,587.0974928,571.8067239,621.3988536,640.9342196,570.9099672,803.1518934,830.7452767,901.5230169,893.3524541,914.9507925
GDP per capita (current US$),NY.GDP.PCAP.CD,Tonga,TON,1194.541034,2091.113009,4002.813771,4581.783245,4428.146521,4354.24436,4336.239603,4157.877249,4513.432531,4740.700272,4903.012138,4624.823449
GDP per capita (current US$),NY.GDP.PCAP.CD,Trinidad and Tobago,TTO,4150.284861,6435.134212,19034.12071,19157.45977,20143.54541,20270.93377,18214.46062,16250.62869,16173.74005,17037.86236,16637.16294,15425.63511
GDP per capita (current US$),NY.GDP.PCAP.CD,Tunisia,TUN,1491.119777,2211.835015,4479.930327,4361.687736,4444.816511,4544.016632,4094.836287,3924.363346,3687.777461,3680.892597,3574.654024,3521.591948
GDP per capita (current US$),NY.GDP.PCAP.CD,Turkey,TUR,2794.350494,4337.478003,11420.55546,11795.63346,12614.78161,12157.99043,11006.27952,10894.60338,10589.66772,9454.348443,9121.515167,8536.43332
GDP per capita (current US$),NY.GDP.PCAP.CD,Turkmenistan,TKM,865.7868319,643.1909754,5649.962106,6675.178055,7304.285771,7962.244925,6432.685325,6387.682575,6587.092604,6967.375043,7612.03518,
GDP per capita (current US$),NY.GDP.PCAP.CD,Turks and Caicos Islands,TCA,,,21839.00902,21345.02598,21715.31397,23778.51913,26183.88504,28241.47929,27545.12879,29553.1367,31350.86663,23879.92665
GDP per capita (current US$),NY.GDP.PCAP.CD,Tuvalu,TUV,990.3981751,1463.166211,3643.121608,3506.308144,3457.376266,3398.39675,3197.772252,3253.899536,3574.065288,3701.709255,4055.89561,4143.109753
GDP per capita (current US$),NY.GDP.PCAP.CD,Uganda,UGA,248.0293243,261.8691416,832.5690782,790.1314506,810.090395,883.5287445,847.2676289,736.5598474,746.8307529,770.6007843,798.5857341,822.0276815
GDP per capita (current US$),NY.GDP.PCAP.CD,Ukraine,UKR,1568.536122,658.348608,3704.824973,4004.804396,4187.739845,3104.643206,2124.662319,2187.73051,2638.326055,3096.561697,3661.456204,3724.938437
GDP per capita (current US$),NY.GDP.PCAP.CD,United Arab Emirates,ARE,27729.39059,33291.36625,39194.67224,40976.49075,42412.6395,43751.80565,38663.4005,38141.86713,40644.79119,43839.32449,42701.44305,36284.55524
GDP per capita (current US$),NY.GDP.PCAP.CD,United Kingdom,GBR,19095.467,28223.06757,42284.88449,42686.80005,43713.81412,47787.2413,45404.56777,41499.5557,40857.75558,43646.95197,43070.49836,41059.16881
GDP per capita (current US$),NY.GDP.PCAP.CD,United States,USA,23888.60001,36334.90878,49882.55813,51602.93105,53106.53677,55049.98833,56863.3715,58021.4005,60109.65573,63064.41841,65279.52903,63593.44362
GDP per capita (current US$),NY.GDP.PCAP.CD,Uruguay,URY,2990.367133,6875.025469,14236.715,15171.58017,16973.68924,16831.94819,15613.74597,16715.63347,18690.89384,18703.86029,17688.01501,15438.41167
GDP per capita (current US$),NY.GDP.PCAP.CD,Uzbekistan,UZB,651.4192061,558.2268024,2051.129515,2267.623275,2419.718703,2628.460008,2753.971072,2704.677188,1916.764642,1597.068337,1784.009816,1750.697113
GDP per capita (current US$),NY.GDP.PCAP.CD,Vanuatu,VUT,1152.169246,1470.63587,3173.822022,2997.293432,2954.774511,2926.67996,2695.666186,2805.66532,3082.475083,3125.404999,3116.297759,2870.0893
GDP per capita (current US$),NY.GDP.PCAP.CD,"Venezuela, RB",VEN,2475.380473,4842.036601,10955.53801,12986.22269,12457.7686,16055.64532,,,,,,
GDP per capita (current US$),NY.GDP.PCAP.CD,Vietnam,VNM,95.18825998,390.0933309,1525.119025,1735.152116,1886.69017,2030.278447,2085.101349,2192.174482,2365.521615,2566.447487,2715.27598,2785.724161
GDP per capita (current US$),NY.GDP.PCAP.CD,Virgin Islands (U.S.),VIR,,,38997.13732,37795.31926,34597.97669,33045.36438,34007.35294,35324.97489,35365.0693,36448.25749,38136.66576,
GDP per capita (current US$),NY.GDP.PCAP.CD,West Bank and Gaza,PSE,,1476.17185,2880.798437,3067.438727,3315.297539,3352.112595,3272.154324,3527.613824,3620.360487,3562.330943,3656.858271,3239.731108
GDP per capita (current US$),NY.GDP.PCAP.CD,"Yemen, Rep.",YEM,482.2481211,554.4486653,1374.621401,1446.536472,1607.152173,1674.002572,1601.830063,1152.720966,964.2648105,758.1452416,,
GDP per capita (current US$),NY.GDP.PCAP.CD,Zambia,ZMB,408.7693313,345.6896207,1672.907535,1763.069442,1878.346811,1762.427817,1338.290927,1280.806543,1535.196574,1516.368371,1305.001031,985.132436
GDP per capita (current US$),NY.GDP.PCAP.CD,Zimbabwe,ZWE,841.9739583,563.0575041,1093.653409,1304.968011,1429.998461,1434.896277,1445.069702,1464.588957,1235.189032,1254.642265,1316.740657,1214.50982
GDP per capita (current US$),NY.GDP.PCAP.CD,Africa Eastern and Southern,AFE,696.9881454,713.2459211,1770.73623,1736.16656,1713.899299,1703.596298,1549.03794,1431.778723,1573.063386,1574.978648,1530.059177,1359.618224
GDP per capita (current US$),NY.GDP.PCAP.CD,Africa Western and Central,AFW,594.7260092,525.4503429,1862.308267,1965.118485,2157.481149,2212.853135,1894.310195,1673.835527,1613.473553,1704.139603,1777.918672,1710.073363
GDP per capita (current US$),NY.GDP.PCAP.CD,Arab World,ARB,2796.699977,2890.227674,6888.979416,7378.23189,7373.201678,7300.030219,6220.716636,5969.616593,5987.341957,6504.148493,6489.043216,5612.68657
GDP per capita (current US$),NY.GDP.PCAP.CD,Caribbean small states,CSS,2997.319563,5253.442083,9920.910105,10187.30139,10296.52759,10381.47553,10141.41539,9574.221486,9800.965886,10234.21118,10291.80732,8873.521929
GDP per capita (current US$),NY.GDP.PCAP.CD,Central Europe and the Baltics,CEB,2314.688781,3948.762471,13910.48113,13020.83399,13717.71238,14161.38706,12521.79141,12829.89634,14248.74812,16045.95364,16346.55494,16168.19665
GDP per capita (current US$),NY.GDP.PCAP.CD,Early-demographic dividend,EAR,908.6142004,1367.827731,3270.243886,3371.759281,3375.246699,3443.018722,3229.299011,3257.391915,3473.462861,3452.378585,3503.439733,3201.652532
GDP per capita (current US$),NY.GDP.PCAP.CD,East Asia & Pacific,EAS,2599.815831,4089.237805,8886.951909,9432.51315,9463.486973,9686.883505,9579.474371,9845.914175,10442.8595,11297.6018,11478.03313,11477.79259
GDP per capita (current US$),NY.GDP.PCAP.CD,East Asia & Pacific (excluding high income),EAP,415.71915,954.9017778,4850.328366,5365.237177,5870.791358,6277.733493,6488.666968,6575.51412,7131.631349,7924.234301,8145.345437,8254.670871
GDP per capita (current US$),NY.GDP.PCAP.CD,East Asia & Pacific (IDA & IBRD countries),TEA,420.4522815,965.7563454,4905.252309,5425.766593,5936.805765,6348.109755,6561.191006,6648.812448,7210.916994,8012.14971,8235.583677,8346.03881
GDP per capita (current US$),NY.GDP.PCAP.CD,Euro area,EMU,18893.00803,20165.90093,40604.81741,37598.00965,39109.30844,39859.68207,34374.49361,35139.82359,37062.14036,40038.18717,39188.63654,37967.80187
GDP per capita (current US$),NY.GDP.PCAP.CD,Europe & Central Asia,ECS,10485.05875,11664.93027,26171.65788,25133.27982,26143.50033,26368.36152,22619.69884,22446.16875,23670.07971,25290.33145,24906.43673,23955.30516
GDP per capita (current US$),NY.GDP.PCAP.CD,Europe & Central Asia (excluding high income),ECA,2385.813051,1787.934362,9626.438555,10149.01298,10717.66036,9927.558277,7557.499695,7189.28646,8026.773317,8213.360066,8343.550431,7668.524344
GDP per capita (current US$),NY.GDP.PCAP.CD,Europe & Central Asia (IDA & IBRD countries),TEC,2338.500537,2059.067492,10041.79741,10432.47127,11000.65566,10330.79193,8019.893846,7677.400469,8562.5074,8876.153964,9013.795649,8387.390693
GDP per capita (current US$),NY.GDP.PCAP.CD,European Union,EUU,15454.96299,16910.40445,35716.16003,33160.51626,34569.64745,35245.85973,30474.49755,31168.43604,33023.7909,35737.30125,35083.80749,34148.9199
GDP per capita (current US$),NY.GDP.PCAP.CD,Fragile and conflict affected situations,FCS,1023.143328,875.7538231,2042.129223,2249.296816,2281.140927,2414.418207,1878.713408,1656.735971,1657.340925,1770.231058,1828.649338,1622.216976
GDP per capita (current US$),NY.GDP.PCAP.CD,Heavily indebted poor countries (HIPC),HPC,394.1055388,373.9940405,871.5656175,877.2297811,957.3026299,984.8718396,919.2472643,905.3437711,948.7389983,984.8605238,985.1862838,968.6904998
GDP per capita (current US$),NY.GDP.PCAP.CD,High income,HIC,18902.3367,25762.62074,42348.81608,42143.61159,42400.67327,43066.08537,40474.32281,41112.5094,42754.56422,45240.56275,45462.37168,44003.41371
GDP per capita (current US$),NY.GDP.PCAP.CD,IBRD only,IBD,1012.921248,1467.358317,5298.859254,5574.113723,5827.101629,5963.150601,5534.678566,5526.653885,6042.981493,6366.562673,6461.334545,6149.361544
GDP per capita (current US$),NY.GDP.PCAP.CD,IDA & IBRD total,IBT,897.7492135,1260.693019,4322.63907,4532.169193,4733.563475,4841.12191,4494.164375,4461.24653,4840.465332,5080.875749,5144.345338,4891.090255
GDP per capita (current US$),NY.GDP.PCAP.CD,IDA blend,IDB,525.3177332,573.9044106,1742.465182,1882.605861,1997.368605,2093.658472,1972.077087,1795.212451,1723.164886,1759.496365,1777.851069,1674.917871
GDP per capita (current US$),NY.GDP.PCAP.CD,IDA only,IDX,362.5636849,459.5371901,923.4997307,910.2999682,970.9416978,1013.490207,990.8457394,979.6875448,1037.689587,1088.072474,1118.853957,1126.932467
GDP per capita (current US$),NY.GDP.PCAP.CD,IDA total,IDA,417.0219873,496.8187461,1197.321062,1235.892217,1315.019453,1375.944351,1320.367091,1253.714436,1268.089953,1313.77412,1340.363459,1310.67516
GDP per capita (current US$),NY.GDP.PCAP.CD,Late-demographic dividend,LTE,1053.223916,1663.800104,7500.793814,7966.781249,8525.524444,8789.767912,8188.256837,8156.791158,8992.624769,9805.567547,9945.172444,9683.425159
GDP per capita (current US$),NY.GDP.PCAP.CD,Latin America & Caribbean,LCN,2506.949535,4399.835065,10203.75313,10198.04799,10340.07607,10433.36483,8630.85569,8352.056223,9188.21003,8905.581337,8705.117098,7244.659419
GDP per capita (current US$),NY.GDP.PCAP.CD,Latin America & Caribbean (excluding high income),LAC,2424.681003,4198.206308,9820.721079,9674.231156,9829.893489,9776.346543,8240.814501,7930.901915,8744.995172,8408.174698,8226.236324,6779.199717
GDP per capita (current US$),NY.GDP.PCAP.CD,Latin America & the Caribbean (IDA & IBRD countries),TLA,2432.331664,4312.356393,10139.33346,10123.57509,10262.03865,10350.59367,8482.301221,8186.788135,9037.221549,8743.527883,8525.421861,7035.753075
GDP per capita (current US$),NY.GDP.PCAP.CD,Least developed countries: UN classification,LDC,299.7754716,331.2848531,906.3444371,930.2300523,995.6501126,1048.004255,1005.364713,971.750509,1039.597402,1053.010576,1071.583498,1053.752571
GDP per capita (current US$),NY.GDP.PCAP.CD,Low & middle income,LMY,874.1020423,1196.878933,4166.144593,4372.930229,4573.989021,4666.54154,4371.286749,4339.347951,4705.596406,4933.137291,4999.985276,4754.8241
GDP per capita (current US$),NY.GDP.PCAP.CD,Low income,LIC,381.4324197,486.8100825,765.851899,710.3543146,712.4230939,744.4299767,715.9337401,646.1046361,665.3024541,674.3506031,692.1752812,691.1683328
GDP per capita (current US$),NY.GDP.PCAP.CD,Lower middle income,LMC,511.9822537,616.5181409,2030.275835,2098.934416,2105.310154,2157.087989,2081.018535,2139.539533,2268.424167,2267.546848,2354.578725,2217.214884
GDP per capita (current US$),NY.GDP.PCAP.CD,Middle East & North Africa,MEA,3150.525273,3318.57082,8345.335022,8850.064248,8558.345188,8433.722377,7269.495916,7161.033137,7309.14272,7502.176788,7458.022736,6534.395623
GDP per capita (current US$),NY.GDP.PCAP.CD,Middle East & North Africa (excluding high income),MNA,2241.412514,1904.949977,4620.920974,4927.381904,4474.403711,4327.537297,3807.580603,3791.302622,3676.931343,3447.444185,3449.765626,3018.433655
GDP per capita (current US$),NY.GDP.PCAP.CD,Middle East & North Africa (IDA & IBRD countries),TMN,2240.999581,1909.483798,4641.094951,4949.089147,4488.013017,4339.054517,3813.93669,3794.449568,3677.608552,3446.056905,3447.243891,3015.703551
GDP per capita (current US$),NY.GDP.PCAP.CD,Middle income,MIC,910.8399996,1257.470716,4505.875069,4743.404238,4969.701363,5074.019856,4756.477458,4733.851353,5143.322474,5401.503494,5481.373758,5216.947891
GDP per capita (current US$),NY.GDP.PCAP.CD,North America,NAC,23645.61431,35155.79564,50123.85358,51717.78701,53068.03255,54648.01934,55542.96607,56451.5175,58605.34429,61391.26977,63342.98218,61502.09595
GDP per capita (current US$),NY.GDP.PCAP.CD,Not classified,INX,,,,,,,,,,,,
GDP per capita (current US$),NY.GDP.PCAP.CD,OECD members,OED,16978.03,22995.0137,37429.70804,37174.62539,37431.36324,37962.6637,35612.50613,36072.08446,37407.26433,39372.83592,39552.6618,38218.87237
GDP per capita (current US$),NY.GDP.PCAP.CD,Other small states,OSS,3122.900947,4370.08818,14895.51869,15212.81358,15552.69395,15730.91893,12779.21891,12384.39739,13201.51869,14354.44671,13799.58669,11766.97374
GDP per capita (current US$),NY.GDP.PCAP.CD,Pacific island small states,PSS,1387.659645,1755.418082,3440.607342,3608.822436,3702.16591,3970.735635,3832.184552,3963.692373,4220.256561,4340.020744,4270.411064,3768.543357
GDP per capita (current US$),NY.GDP.PCAP.CD,Post-demographic dividend,PST,19031.87944,25850.54663,42480.55407,42256.71699,42489.68497,43159.4767,40694.35007,41442.76238,43033.4408,45492.80202,45819.48008,44475.18917
GDP per capita (current US$),NY.GDP.PCAP.CD,Pre-demographic dividend,PRE,892.9088633,504.0338004,1592.459586,1684.41887,1798.16989,1838.707882,1558.660687,1385.784918,1407.096929,1462.374181,1489.822323,1332.049211
GDP per capita (current US$),NY.GDP.PCAP.CD,Small states,SST,2973.438431,4390.926636,13207.69839,13520.97778,13815.58596,13995.66049,11738.11247,11350.72567,12032.93397,13001.15869,12594.67689,10770.58978
GDP per capita (current US$),NY.GDP.PCAP.CD,South Asia,SAS,359.2316694,453.2376041,1368.945102,1366.059425,1383.316909,1496.014996,1543.048131,1652.251801,1867.443968,1894.008884,1959.525845,1823.712912
GDP per capita (current US$),NY.GDP.PCAP.CD,South Asia (IDA & IBRD),TSA,359.2316694,453.2376041,1368.945102,1366.059425,1383.316909,1496.014996,1543.048131,1652.251801,1867.443968,1894.008884,1959.525845,1823.712912
GDP per capita (current US$),NY.GDP.PCAP.CD,Sub-Saharan Africa,SSF,655.5304382,635.9089536,1807.299592,1828.305577,1892.847636,1909.033228,1688.327251,1529.439256,1589.370013,1627.11036,1630.127378,1501.152921
GDP per capita (current US$),NY.GDP.PCAP.CD,Sub-Saharan Africa (excluding high income),SSA,654.8966674,635.0559245,1806.283367,1827.326654,1891.619683,1907.827077,1687.101798,1528.185535,1588.059704,1625.820971,1628.841127,1500.349997
GDP per capita (current US$),NY.GDP.PCAP.CD,Sub-Saharan Africa (IDA & IBRD countries),TSS,655.5304382,635.9089536,1807.299592,1828.305577,1892.847636,1909.033228,1688.327251,1529.439256,1589.370013,1627.11036,1630.127378,1501.152921
GDP per capita (current US$),NY.GDP.PCAP.CD,Upper middle income,UMC,1323.91289,1975.328784,7567.420995,8035.981118,8559.85124,8754.537457,8155.881802,8053.167884,8846.476386,9468.932983,9572.872787,9177.840437
GDP per capita (current US$),NY.GDP.PCAP.CD,World,WLD,4299.047173,5530.613892,10516.31422,10623.44108,10792.21004,10955.5689,10222.60827,10264.92866,10798.15277,11347.33585,11397.086,10918.72283
